"Assessment Year From","Assessment Year To","County","Net Taxable Assessed Value","City Property Tax Allocations and Levies","CountyPropertyTaxAllocationsandLevies","School Property Tax Allocations and Levies","Other Districts Property Tax Allocations and Levies","Total Property Tax Allocations and Levies","Average Tax Rate (%)","City Property Tax Dollars (% of total)","County Property Tax Dollars (% of total)","School Property Tax Dollars (% of total)","Other District Tax Dollars (% of total)","Total Property Tax Dollars (% of total)"
"2024","2025","Alameda","424031674000","915657000","716893000","2256407000","1283182000","5172139000","1.22","18","14","44","25","100"
"2024","2025","Alpine","965068000","","6110000","2824000","1009000","9943000","1.03","","61","28","10","100"
"2024","2025","Amador","7173427000","3599000","22814000","44802000","1442000","72657000","1.013","5","31","62","2","100"
"2024","2025","Butte","29800591000","13640000","30318000","198836000","89106000","331900000","1.114","4","9","60","27","100"
"2024","2025","Calaveras","10324292000","764000","20469000","75754000","13958000","110945000","1.075","1","18","68","13","100"
"2024","2025","Colusa","5398060000","2926000","15431000","36510000","4284000","59151000","1.096","5","26","62","7","100"
"2024","2025","Contra Costa","282611467000","252933000","365264000","1689887000","944499000","3252583000","1.151","8","11","52","29","100"
"2024","2025","Del Norte","2699073000","197000","4998000","18364000","4423000","27982000","1.037","1","18","66","16","100"
"2024","2025","El Dorado","45774127000","11902000","105967000","244750000","121681000","484301000","1.058","2","22","51","25","100"
"2024","2025","Fresno","115879442000","150841000","160958000","923787000","169522000","1405108000","1.213","11","11","66","12","100"
"2024","2025","Glenn","4436831000","2453000","9449000","34978000","1937000","48818000","1.1","5","19","72","4","100"
"2024","2025","Humboldt","18201430000","4469000","36535000","129035000","28920000","198959000","1.093","2","18","65","15","100"
"2024","2025","Imperial","16193798000","12040000","26796000","111563000","39245000","189644000","1.171","6","14","59","21","100"
"2024","2025","Inyo","6261138000","779000","18758000","39821000","6378000","65736000","1.05","1","29","61","10","100"
"2024","2025","Kern","118062991000","79658000","336378000","859653000","197739000","1473429000","1.248","5","23","58","13","100"
"2024","2025","Kings","16151986000","10141000","37349000","93138000","32238000","172866000","1.07","6","22","54","19","100"
"2024","2025","Lake","10048575000","1227000","22323000","63693000","24806000","112049000","1.115","1","20","57","22","100"
"2024","2025","Lassen","2895316000","1221000","5868000","20832000","1539000","29460000","1.018","4","20","71","5","100"
"2024","2025","Los Angeles","2123424941000","3479302000","5107203000","11769745000","4726681000","25082932000","1.181","14","20","47","19","100"
"2024","2025","Madera","21757027000","5398000","31704000","179587000","27385000","244073000","1.122","2","13","74","11","100"
"2024","2025","Marin","106543809000","112410000","203501000","732724000","158751000","1207387000","1.133","9","17","61","13","100"
"2024","2025","Mariposa","3270911000","","8298000","23555000","1881000","33734000","1.031","","25","70","6","100"
"2024","2025","Mendocino","15276404000","1821000","41262000","111423000","21449000","175955000","1.152","1","23","63","12","100"
"2024","2025","Merced","36019606000","21693000","84530000","242805000","37802000","386830000","1.074","6","22","63","10","100"
"2024","2025","Modoc","1235395000","445000","3290000","7982000","636000","12354000","1","4","27","65","5","100"
"2024","2025","Mono","9036795000","4146000","30377000","41097000","24975000","100595000","1.113","4","30","41","25","100"
"2024","2025","Monterey","93622668000","59906000","147569000","658615000","162779000","1028870000","1.099","6","14","64","16","100"
"2024","2025","Napa","55765176000","56492000","128034000","419596000","11349000","615471000","1.104","9","21","68","2","100"
"2024","2025","Nevada","27479253000","21836000","37885000","163179000","66146000","289046000","1.052","8","13","56","23","100"
"2024","2025","Orange","819466321000","871779000","462512000","5343654000","2038034000","8715979000","1.064","10","5","61","23","100"
"2024","2025","Placer","112438900000","90651000","192747000","757028000","160466000","1200892000","1.068","8","16","63","13","100"
"2024","2025","Plumas","6053929000","346000","12575000","44268000","9106000","66295000","1.095","1","19","67","14","100"
"2024","2025","Riverside","430594768000","290323000","465273000","2371834000","1921615000","5049045000","1.173","6","9","47","38","100"
"2024","2025","Sacramento","233955847000","263227000","374624000","1503606000","559993000","2701451000","1.155","10","14","56","21","100"
"2024","2025","San Benito","13497497000","2856000","16132000","108162000","35332000","162482000","1.204","2","10","67","22","100"
"2024","2025","San Bernardino","351025072000","216638000","369300000","1582911000","1787732000","3956581000","1.127","5","9","40","45","100"
"2024","2025","San Diego","738056614000","952100000","1009675000","5400388000","1283491000","8645655000","1.171","11","12","62","15","100"
"2024","2025","San Francisco","351321331000","2361927000","","1226983000","535988000","4124899000","1.174","57","","30","13","100"
"2024","2025","San Joaquin","118592002000","107422000","249427000","773637000","200299000","1330785000","1.122","8","19","58","15","100"
"2024","2025","San Luis Obispo","75568040000","59365000","188526000","523436000","52455000","823782000","1.09","7","23","64","6","100"
"2024","2025","San Mateo","328116683000","346783000","401981000","2279126000","655370000","3683260000","1.123","9","11","62","18","100"
"2024","2025","Santa Barbara","116110274000","67365000","211750000","766911000","194014000","1240040000","1.068","5","17","62","16","100"
"2024","2025","Santa Clara","699265030000","737260000","1231089000","5186019000","1185005000","8339373000","1.193","9","15","62","14","100"
"2024","2025","Santa Cruz","61470670000","32284000","76174000","380417000","185231000","674106000","1.097","5","11","56","27","100"
"2024","2025","Shasta","25756374000","16632000","29053000","183371000","55414000","284470000","1.104","6","10","64","19","100"
"2024","2025","Sierra","729138000","55000","3818000","2492000","926000","7291000","1","1","52","34","13","100"
"2024","2025","Siskiyou","6600327000","4010000","14256000","47899000","2791000","68956000","1.045","6","21","69","4","100"
"2024","2025","Solano","73639256000","104984000","137053000","417051000","208753000","867841000","1.179","12","16","48","24","100"
"2024","2025","Sonoma","122358662000","72799000","273487000","859843000","188104000","1394233000","1.139","5","20","62","13","100"
"2024","2025","Stanislaus","69980437000","46719000","91221000","561975000","81429000","781344000","1.117","6","12","72","10","100"
"2024","2025","Sutter","13739943000","12058000","23098000","99799000","14681000","149636000","1.089","8","15","67","10","100"
"2024","2025","Tehama","8154205000","3240000","20570000","59338000","2864000","86012000","1.055","4","24","69","3","100"
"2024","2025","Trinity","2317338000","","7652000","15486000","968000","24106000","1.04","","32","64","4","100"
"2024","2025","Tulare","52004705000","31970000","98972000","348173000","93128000","572243000","1.1","6","17","61","16","100"
"2024","2025","Tuolumne","9937454000","1081000","29872000","70441000","5330000","106725000","1.074","1","28","66","5","100"
"2024","2025","Ventura","182062207000","169131000","304908000","1073547000","484503000","2032089000","1.116","8","15","53","24","100"
"2024","2025","Yolo","38897601000","63695000","37125000","244812000","87629000","433262000","1.114","15","9","57","20","100"
"2024","2025","Yuba","9855823000","2378000","20409000","75076000","10259000","108121000","1.097","2","19","69","9","100"
"2023","2024","Alameda","404034441000","942555000","684493000","2161964000","1232404000","5021417000","1.243","19","14","43","25","100"
"2023","2024","Alpine","930073000","","6210000","2397000","976000","9583000","1.03","","65","25","10","100"
"2023","2024","Amador","6907217000","3422000","21995000","43167000","1381000","69965000","1.013","5","31","62","2","100"
"2023","2024","Butte","28998483000","12975000","29731000","195995000","86554000","325256000","1.122","4","9","60","27","100"
"2023","2024","Calaveras","9854990000","747000","19589000","72475000","13367000","106178000","1.077","1","18","68","13","100"
"2023","2024","Colusa","5146017000","2795000","14798000","34756000","4025000","56374000","1.095","5","26","62","7","100"
"2023","2024","Contra Costa","271223972000","243530000","349316000","1619999000","916233000","3129079000","1.154","8","11","52","29","100"
"2023","2024","Del Norte","2549391000","187000","4711000","17295000","4204000","26398000","1.035","1","18","66","16","100"
"2023","2024","El Dorado","43724186000","11347000","101255000","234416000","116233000","463252000","1.059","2","22","51","25","100"
"2023","2024","Fresno","109806835000","142367000","152729000","875040000","160767000","1330903000","1.212","11","11","66","12","100"
"2023","2024","Glenn","4508339000","2309000","9623000","35548000","2052000","49532000","1.099","5","19","72","4","100"
"2023","2024","Humboldt","17378432000","4248000","34980000","124559000","27411000","191198000","1.1","2","18","65","14","100"
"2023","2024","Imperial","15023606000","11327000","25576000","109890000","35848000","182642000","1.216","6","14","60","20","100"
"2023","2024","Inyo","5950958000","736000","17812000","37959000","5905000","62412000","1.049","1","29","61","9","100"
"2023","2024","Kern","115766386000","75739000","332590000","831022000","193464000","1432815000","1.238","5","23","58","14","100"
"2023","2024","Kings","14695112000","9420000","33601000","84478000","29491000","156990000","1.068","6","21","54","19","100"
"2023","2024","Lake","9589469000","1194000","21297000","61005000","23589000","107084000","1.117","1","20","57","22","100"
"2023","2024","Lassen","2802774000","1187000","5566000","20434000","1477000","28663000","1.023","4","19","71","5","100"
"2023","2024","Los Angeles","2023420822000","3309216000","4864785000","11285003000","4411504000","23870508000","1.18","14","20","47","18","100"
"2023","2024","Madera","20490983000","5073000","29991000","166698000","25429000","227190000","1.109","2","13","73","11","100"
"2023","2024","Marin","102075050000","112943000","194951000","706090000","147069000","1161053000","1.137","10","17","61","13","100"
"2023","2024","Mariposa","3113438000","","7896000","22653000","1781000","32330000","1.038","","24","70","6","100"
"2023","2024","Mendocino","14555778000","1806000","39382000","107587000","20299000","169075000","1.162","1","23","64","12","100"
"2023","2024","Merced","34290044000","20222000","80958000","233387000","35880000","370447000","1.08","5","22","63","10","100"
"2023","2024","Modoc","1196929000","431000","3187000","7732000","619000","11969000","1","4","27","65","5","100"
"2023","2024","Mono","8497362000","3916000","25288000","41647000","23646000","94497000","1.112","4","27","44","25","100"
"2023","2024","Monterey","89071862000","56947000","140895000","631466000","154036000","983344000","1.104","6","14","64","16","100"
"2023","2024","Napa","53261114000","54355000","121900000","401045000","10737000","588037000","1.104","9","21","68","2","100"
"2023","2024","Nevada","26281184000","20854000","35923000","158672000","62870000","278319000","1.059","7","13","57","23","100"
"2023","2024","Orange","778174531000","830324000","440196000","5090499000","1897841000","8258861000","1.061","10","5","62","23","100"
"2023","2024","Placer","106114345000","85073000","183109000","724648000","150746000","1143576000","1.078","7","16","63","13","100"
"2023","2024","Plumas","5545069000","334000","11714000","40024000","6423000","58496000","1.055","1","20","68","11","100"
"2023","2024","Riverside","403178073000","275570000","441473000","2299319000","1766312000","4782674000","1.186","6","9","48","37","100"
"2023","2024","Sacramento","222147753000","249633000","356508000","1419497000","531304000","2556942000","1.151","10","14","56","21","100"
"2023","2024","San Benito","12667364000","2673000","15180000","101586000","33492000","152930000","1.207","2","10","66","22","100"
"2023","2024","San Bernardino","327471179000","204038000","346825000","1505124000","1652897000","3708884000","1.133","6","9","41","45","100"
"2023","2024","San Diego","699797379000","904056000","958745000","5131724000","1183552000","8178077000","1.169","11","12","63","14","100"
"2023","2024","San Francisco","343913585000","2335705000","","1205716000","517369000","4058790000","1.18","58","","30","13","100"
"2023","2024","San Joaquin","110289586000","100993000","232303000","710364000","183306000","1226966000","1.112","8","19","58","15","100"
"2023","2024","San Luis Obispo","72085060000","56709000","180095000","503321000","49559000","789685000","1.095","7","23","64","6","100"
"2023","2024","San Mateo","310000431000","330440000","379836000","2155259000","613910000","3479445000","1.122","9","11","62","18","100"
"2023","2024","Santa Barbara","110126900000","64238000","200817000","730309000","183859000","1179223000","1.071","5","17","62","16","100"
"2023","2024","Santa Clara","663376105000","701318000","1201263000","4936955000","1133384000","7972920000","1.202","9","15","62","14","100"
"2023","2024","Santa Cruz","58833652000","30988000","73172000","368112000","175166000","647437000","1.1","5","11","57","27","100"
"2023","2024","Shasta","24538410000","15947000","28427000","175081000","52045000","271499000","1.106","6","10","64","19","100"
"2023","2024","Sierra","702839000","49000","3728000","2388000","865000","7028000","1","1","53","34","12","100"
"2023","2024","Siskiyou","6229000000","3739000","13469000","45261000","2643000","65111000","1.045","6","21","70","4","100"
"2023","2024","Solano","69816497000","100508000","131186000","390179000","194540000","816414000","1.169","12","16","48","24","100"
"2023","2024","Sonoma","116281804000","69370000","260536000","817876000","177373000","1325154000","1.14","5","20","62","13","100"
"2023","2024","Stanislaus","66072886000","44269000","86362000","532505000","74439000","737575000","1.116","6","12","72","10","100"
"2023","2024","Sutter","12924322000","11147000","21737000","94647000","14098000","141629000","1.096","8","15","67","10","100"
"2023","2024","Tehama","7839400000","3100000","19781000","57199000","2751000","82832000","1.057","4","24","69","3","100"
"2023","2024","Trinity","2229686000","","7354000","14970000","924000","23249000","1.043","","32","64","4","100"
"2023","2024","Tulare","47949877000","29442000","91985000","320915000","83739000","526082000","1.097","6","17","61","16","100"
"2023","2024","Tuolumne","9464372000","1042000","28417000","65752000","5073000","100284000","1.06","1","28","66","5","100"
"2023","2024","Ventura","174394668000","161050000","291575000","1012359000","458638000","1923621000","1.103","8","15","53","24","100"
"2023","2024","Yolo","36994907000","60911000","35510000","243056000","82058000","421534000","1.139","14","8","58","19","100"
"2023","2024","Yuba","9145637000","2230000","18890000","69622000","9472000","100214000","1.096","2","19","69","9","100"
"2022","2023","Alameda","377434144000","882872000","642581000","2033271000","1132638000","4691361000","1.243","18","13","43","24","100"
"2022","2023","Alpine","883248000","","5850000","2318000","932000","9100000","1.03","","64","25","10","100"
"2022","2023","Amador","6461149000","3161000","20613000","40459000","1282000","65515000","1.014","4","31","61","1","100"
"2022","2023","Butte","26773199000","11684000","27671000","181082000","78682000","299119000","1.117","3","9","60","26","100"
"2022","2023","Calaveras","9061135000","672000","18108000","67851000","12283000","98913000","1.092","","18","68","12","100"
"2022","2023","Colusa","4847214000","2562000","14044000","32843000","3769000","53218000","1.098","4","26","61","7","100"
"2022","2023","Contra Costa","255075663000","230440000","327866000","1546939000","861520000","2966766000","1.163","7","11","52","29","100"
"2022","2023","Del Norte","2362538000","175000","4361000","16033000","3890000","24459000","1.035","","17","65","15","100"
"2022","2023","El Dorado","41104787000","10496000","95302000","223056000","109260000","438114000","1.066","2","21","50","24","100"
"2022","2023","Fresno","102598481000","132429000","143331000","817905000","148901000","1242566000","1.211","10","11","65","11","100"
"2022","2023","Glenn","4316150000","2167000","9220000","33787000","2000000","47174000","1.093","4","19","71","4","100"
"2022","2023","Humboldt","16276709000","3849000","32916000","119841000","24853000","181458000","1.115","2","18","66","13","100"
"2022","2023","Imperial","14155857000","10770000","24171000","100880000","34938000","170759000","1.206","6","14","59","20","100"
"2022","2023","Inyo","5607644000","686000","16768000","35924000","6357000","59735000","1.065","1","28","60","10","100"
"2022","2023","Kern","108221014000","70245000","313083000","774798000","181540000","1339665000","1.238","5","23","57","13","100"
"2022","2023","Kings","12969334000","8221000","29575000","76100000","26411000","140307000","1.082","5","21","54","18","100"
"2022","2023","Lake","9068300000","1147000","20265000","57911000","21848000","101170000","1.116","1","20","57","21","100"
"2022","2023","Lassen","2688555000","1146000","5363000","19459000","1414000","27382000","1.018","4","19","71","5","100"
"2022","2023","Los Angeles","1910622355000","3167251000","4592347000","10257043000","4155011000","22171651000","1.16","14","20","46","18","100"
"2022","2023","Madera","18818489000","4703000","27659000","151286000","23021000","206668000","1.098","2","13","73","11","100"
"2022","2023","Marin","96045394000","106124000","182141000","650503000","146856000","1085624000","1.13","9","16","59","13","100"
"2022","2023","Mariposa","2945500000","","7486000","21386000","1660000","30532000","1.037","","24","70","5","100"
"2022","2023","Mendocino","13909025000","1731000","37720000","103317000","19300000","162068000","1.165","1","23","63","11","100"
"2022","2023","Merced","31938378000","18898000","77469000","217309000","32350000","346026000","1.083","5","22","62","9","100"
"2022","2023","Modoc","1141762000","395000","3040000","7375000","608000","11418000","1","3","26","64","5","100"
"2022","2023","Mono","7893236000","3568000","23603000","40857000","23092000","91120000","1.154","3","25","44","25","100"
"2022","2023","Monterey","84105853000","53863000","133714000","593045000","142931000","923553000","1.098","5","14","64","15","100"
"2022","2023","Napa","49192621000","50137000","112618000","369663000","9888000","542306000","1.102","9","20","68","1","100"
"2022","2023","Nevada","24303265000","18965000","33455000","148262000","57535000","258217000","1.062","7","12","57","22","100"
"2022","2023","Orange","731424917000","781726000","414450000","4822748000","1778254000","7797177000","1.066","10","5","61","22","100"
"2022","2023","Placer","99208820000","78861000","172873000","686870000","140357000","1078961000","1.088","7","16","63","13","100"
"2022","2023","Plumas","5228225000","290000","10962000","39759000","6471000","57482000","1.099","","19","69","11","100"
"2022","2023","Riverside","367885621000","256046000","405340000","2110560000","1590934000","4362879000","1.186","5","9","48","36","100"
"2022","2023","Sacramento","207101841000","231284000","333993000","1328953000","492548000","2386778000","1.152","9","13","55","20","100"
"2022","2023","San Benito","11719416000","2406000","14152000","94181000","31290000","142029000","1.212","1","9","66","22","100"
"2022","2023","San Bernardino","298614643000","187473000","318775000","1394113000","1497721000","3398081000","1.138","5","9","41","44","100"
"2022","2023","San Diego","653622058000","847608000","899509000","4786843000","1095939000","7629898000","1.167","11","11","62","14","100"
"2022","2023","San Francisco","328530494000","2218294000","","1174933000","490820000","3884047000","1.182","57","","30","12","100"
"2022","2023","San Joaquin","101046359000","94180000","213486000","671362000","163260000","1142287000","1.13","8","18","58","14","100"
"2022","2023","San Luis Obispo","68121446000","53762000","170917000","468532000","45815000","739026000","1.085","7","23","63","6","100"
"2022","2023","San Mateo","290422705000","311245000","357254000","1990000000","561463000","3219962000","1.109","9","11","61","17","100"
"2022","2023","Santa Barbara","103190771000","60161000","188482000","688653000","171005000","1108301000","1.074","5","17","62","15","100"
"2022","2023","Santa Clara","621981550000","663641000","1138894000","4659547000","1067813000","7529896000","1.211","8","15","61","14","100"
"2022","2023","Santa Cruz","55782703000","29507000","69688000","353069000","164846000","617110000","1.106","4","11","57","26","100"
"2022","2023","Shasta","23075975000","14987000","26822000","164168000","47595000","253571000","1.099","5","10","64","18","100"
"2022","2023","Sierra","689264000","42000","3548000","2265000","1037000","6893000","1","","51","32","15","100"
"2022","2023","Siskiyou","5864494000","3466000","12714000","42696000","2485000","61360000","1.046","5","20","69","4","100"
"2022","2023","Solano","66675794000","95686000","123074000","380309000","187469000","786538000","1.18","12","15","48","23","100"
"2022","2023","Sonoma","109916855000","65935000","246003000","763843000","169157000","1244936000","1.133","5","19","61","13","100"
"2022","2023","Stanislaus","61866796000","38916000","82400000","495676000","68252000","685244000","1.108","5","12","72","9","100"
"2022","2023","Sutter","12026229000","10650000","20291000","88959000","12236000","132137000","1.099","8","15","67","9","100"
"2022","2023","Tehama","7418120000","2914000","18739000","54167000","2606000","78426000","1.057","3","23","69","3","100"
"2022","2023","Trinity","2060151000","","6835000","13808000","838000","21480000","1.043","","31","64","3","100"
"2022","2023","Tulare","45046799000","27541000","87115000","297799000","77059000","489515000","1.087","5","17","60","15","100"
"2022","2023","Tuolumne","8999732000","724000","26456000","63315000","6529000","97023000","1.078","","27","65","6","100"
"2022","2023","Ventura","164715444000","147277000","273410000","956015000","432667000","1809369000","1.098","8","15","52","23","100"
"2022","2023","Yolo","34609777000","57474000","33680000","219448000","73524000","384126000","1.11","14","8","57","19","100"
"2022","2023","Yuba","8295491000","2059000","17110000","63697000","8534000","91401000","1.102","2","18","69","9","100"
"2021","2022","Alameda","348972960000","808971000","574834000","1939740000","1013096000","4336641000","1.243","19","13","44","24","100"
"2021","2022","Alpine","825191000","","5462000","2165000","875000","8502000","1.03","","64","26","10","100"
"2021","2022","Amador","6041988000","2909000","19315000","37880000","1196000","61300000","1.015","5","31","62","2","100"
"2021","2022","Butte","24989125000","10584000","25865000","169528000","73261000","279238000","1.117","5","9","61","25","100"
"2021","2022","Calaveras","8424725000","645000","16831000","61542000","11405000","90424000","1.073","1","18","68","12","100"
"2021","2022","Colusa","4632763000","2378000","15288000","29504000","3384000","50555000","1.091","5","31","57","7","100"
"2021","2022","Contra Costa","236528416000","214991000","305080000","1468908000","765707000","2754685000","1.165","8","11","53","28","100"
"2021","2022","Del Norte","2165586000","176000","4139000","14741000","3598000","22654000","1.046","1","18","66","16","100"
"2021","2022","El Dorado","38280451000","9733000","89060000","209801000","101087000","409681000","1.07","2","22","51","25","100"
"2021","2022","Fresno","94712217000","122526000","132318000","754898000","136452000","1146192000","1.21","11","12","66","12","100"
"2021","2022","Glenn","4015374000","2012000","8581000","31544000","1870000","44007000","1.096","4","20","72","4","100"
"2021","2022","Humboldt","15626907000","3924000","31890000","111681000","23751000","171247000","1.096","2","19","65","14","100"
"2021","2022","Imperial","13456791000","10220000","23156000","96835000","32481000","162692000","1.209","6","14","60","19","100"
"2021","2022","Inyo","5159978000","648000","15445000","33014000","5647000","54755000","1.061","1","28","60","10","100"
"2021","2022","Kern","96672959000","64719000","277490000","705198000","170170000","1217576000","1.259","5","23","58","14","100"
"2021","2022","Kings","12897666000","7989000","29227000","76434000","26855000","140505000","1.089","6","21","55","19","100"
"2021","2022","Lake","8394608000","1101000","18966000","55180000","19501000","94748000","1.129","1","20","58","20","100"
"2021","2022","Lassen","2607303000","1103000","5203000","19092000","1358000","26756000","1.026","4","19","71","5","100"
"2021","2022","Los Angeles","1784935173000","3005534000","4292591000","9716550000","3858285000","20872961000","1.169","14","20","47","18","100"
"2021","2022","Madera","17519870000","4340000","25817000","140987000","21214000","192358000","1.098","2","13","74","10","100"
"2021","2022","Marin","90109074000","101142000","170914000","611893000","139934000","1023884000","1.136","10","17","60","14","100"
"2021","2022","Mariposa","2759253000","","7015000","20287000","1546000","28849000","1.046","","24","71","5","100"
"2021","2022","Mendocino","13274534000","1646000","36033000","98193000","18244000","154116000","1.161","1","24","63","12","100"
"2021","2022","Merced","29273305000","17321000","71005000","203351000","29651000","321328000","1.098","5","22","63","10","100"
"2021","2022","Modoc","1091561000","369000","2907000","7052000","587000","10916000","1","3","27","65","5","100"
"2021","2022","Mono","7192356000","3187000","21570000","35405000","21012000","81175000","1.129","4","27","44","26","100"
"2021","2022","Monterey","77658672000","48880000","121956000","542976000","138503000","852315000","1.098","6","15","63","16","100"
"2021","2022","Napa","45932605000","46523000","105435000","347089000","9179000","508225000","1.106","8","20","67","4","100"
"2021","2022","Nevada","22601754000","17467000","31245000","139715000","53206000","241633000","1.069","7","13","58","22","100"
"2021","2022","Orange","686483292000","731111000","388734000","4533031000","1674807000","7327682000","1.067","10","5","62","23","100"
"2021","2022","Placer","90880970000","71715000","159920000","629813000","126861000","988308000","1.087","7","16","64","13","100"
"2021","2022","Plumas","4987817000","272000","10470000","37438000","6153000","54333000","1.089","","19","70","11","100"
"2021","2022","Riverside","335063073000","235924000","372482000","1931509000","1428453000","3968369000","1.184","6","10","49","36","100"
"2021","2022","Sacramento","191504329000","213564000","310461000","1233354000","452794000","2210173000","1.154","10","14","56","21","100"
"2021","2022","San Benito","9847673000","1951000","12013000","80337000","27463000","121764000","1.236","2","10","66","22","100"
"2021","2022","San Bernardino","272961181000","166348000","292525000","1320730000","1372574000","3152177000","1.155","5","9","42","43","100"
"2021","2022","San Diego","602869055000","783179000","829826000","4454473000","1008632000","7076111000","1.174","11","12","63","14","100"
"2021","2022","San Francisco","311997808000","2129538000","","1129564000","440585000","3699688000","1.186","57","","30","13","100"
"2021","2022","San Joaquin","92350337000","87549000","195115000","622766000","147051000","1052482000","1.14","8","19","59","14","100"
"2021","2022","San Luis Obispo","64087658000","50544000","160828000","446628000","43418000","701418000","1.094","7","23","64","6","100"
"2021","2022","San Mateo","268082278000","288024000","326524000","1858072000","521162000","2993781000","1.117","10","11","62","17","100"
"2021","2022","Santa Barbara","95395651000","51692000","165966000","616361000","189848000","1023867000","1.073","5","16","60","19","100"
"2021","2022","Santa Clara","578926822000","612897000","1043456000","4336763000","1059160000","7052275000","1.218","9","14","62","15","100"
"2021","2022","Santa Cruz","52456703000","27985000","65690000","333836000","154063000","581575000","1.109","5","11","57","26","100"
"2021","2022","Shasta","21414578000","13892000","24946000","153786000","44192000","236816000","1.106","6","10","66","18","100"
"2021","2022","Sierra","631981000","43000","3404000","2184000","689000","6320000","1","1","51","34","15","100"
"2021","2022","Siskiyou","5493727000","3202000","11930000","40160000","2333000","57625000","1.049","6","21","70","4","100"
"2021","2022","Solano","62221028000","89110000","114695000","358107000","174381000","736293000","1.183","12","16","48","24","100"
"2021","2022","Sonoma","103145042000","61965000","230138000","724793000","159414000","1176310000","1.14","5","19","62","13","100"
"2021","2022","Stanislaus","57719873000","36305000","76667000","460396000","62938000","636306000","1.102","6","12","73","10","100"
"2021","2022","Sutter","11253313000","9923000","18901000","83593000","11864000","124281000","1.104","8","16","66","10","100"
"2021","2022","Tehama","6917251000","2692000","17510000","50011000","2421000","72634000","1.05","4","24","69","3","100"
"2021","2022","Trinity","1931588000","","6174000","13124000","808000","20106000","1.041","","31","65","4","100"
"2021","2022","Tulare","42057303000","25657000","81551000","280135000","72480000","459824000","1.093","6","18","61","16","100"
"2021","2022","Tuolumne","8423650000","687000","24760000","59357000","6125000","90928000","1.079","1","27","65","7","100"
"2021","2022","Ventura","153520780000","140380000","255432000","901865000","403345000","1701022000","1.108","9","15","53","24","100"
"2021","2022","Yolo","32252908000","53652000","31542000","215532000","67128000","367854000","1.141","15","9","57","19","100"
"2021","2022","Yuba","7407867000","1910000","15600000","57314000","7501000","82325000","1.111","2","19","70","9","100"
"2020","2021","Alameda","333305533000","772818000","550019000","1821597000","980090000","4124525000","1.237","19","13","44","24","100"
"2020","2021","Alpine","802395000","","5287000","2105000","861000","8252000","1.028","","64","26","10","100"
"2020","2021","Amador","5764627000","2756000","18432000","36189000","1140000","58517000","1.015","5","31","62","2","100"
"2020","2021","Butte","25899689000","13323000","26501000","174941000","72592000","287358000","1.11","5","9","61","25","100"
"2020","2021","Calaveras","8057494000","617000","16210000","60022000","10957000","87805000","1.09","1","18","68","12","100"
"2020","2021","Colusa","4409257000","2250000","14785000","27196000","3203000","47434000","1.076","5","31","57","7","100"
"2020","2021","Contra Costa","228482059000","208750000","295633000","1402591000","752787000","2659761000","1.164","8","11","53","28","100"
"2020","2021","Del Norte","2047882000","153000","3773000","14133000","3417000","21476000","1.049","1","18","66","16","100"
"2020","2021","El Dorado","36567769000","9174000","85012000","198765000","96811000","389761000","1.066","2","22","51","25","100"
"2020","2021","Fresno","90728847000","117674000","127393000","719856000","129269000","1094191000","1.206","11","12","66","12","100"
"2020","2021","Glenn","3841268000","1882000","8383000","30540000","1814000","42619000","1.11","4","20","72","4","100"
"2020","2021","Humboldt","15113451000","3713000","30823000","108143000","23146000","165825000","1.097","2","19","65","14","100"
"2020","2021","Imperial","13183775000","9930000","22966000","95559000","30939000","159395000","1.209","6","14","60","19","100"
"2020","2021","Inyo","5039233000","625000","15070000","32123000","5289000","53107000","1.054","1","28","60","10","100"
"2020","2021","Kern","95891515000","62026000","279342000","696269000","163820000","1201457000","1.253","5","23","58","14","100"
"2020","2021","Kings","12333671000","7722000","27824000","73822000","25498000","134865000","1.093","6","21","55","19","100"
"2020","2021","Lake","7985947000","1070000","18083000","52236000","18379000","89768000","1.124","1","20","58","20","100"
"2020","2021","Lassen","2511392000","1059000","5015000","18431000","1299000","25804000","1.027","4","19","71","5","100"
"2020","2021","Los Angeles","1719147993000","2901651000","4125026000","9512865000","3725604000","20265146000","1.179","14","20","47","18","100"
"2020","2021","Madera","16626976000","4131000","24524000","136948000","18513000","184116000","1.107","2","13","74","10","100"
"2020","2021","Marin","86617530000","96281000","164193000","591541000","135026000","987041000","1.14","10","17","60","14","100"
"2020","2021","Mariposa","2669807000","","6702000","19782000","1468000","27952000","1.047","","24","71","5","100"
"2020","2021","Mendocino","12891114000","1595000","34939000","93199000","17729000","147461000","1.144","1","24","63","12","100"
"2020","2021","Merced","27795777000","16270000","67613000","190646000","28965000","303495000","1.092","5","22","63","10","100"
"2020","2021","Modoc","1046606000","323000","2803000","6770000","569000","10466000","1","3","27","65","5","100"
"2020","2021","Mono","6839041000","2991000","20559000","33808000","19803000","77161000","1.128","4","27","44","26","100"
"2020","2021","Monterey","74710467000","47056000","118015000","512689000","132862000","810622000","1.085","6","15","63","16","100"
"2020","2021","Napa","44334042000","41338000","98645000","328380000","21998000","490362000","1.106","8","20","67","4","100"
"2020","2021","Nevada","21352133000","16562000","29567000","132643000","49499000","228270000","1.069","7","13","58","22","100"
"2020","2021","Orange","661466533000","706146000","375458000","4391789000","1607058000","7080451000","1.07","10","5","62","23","100"
"2020","2021","Placer","85826855000","67016000","151693000","598844000","120482000","938035000","1.093","7","16","64","13","100"
"2020","2021","Plumas","4664005000","259000","9788000","36293000","5634000","51975000","1.114","","19","70","11","100"
"2020","2021","Riverside","317657764000","225666000","355552000","1817173000","1341347000","3739738000","1.177","6","10","49","36","100"
"2020","2021","Sacramento","181903528000","201686000","295725000","1172749000","431028000","2101188000","1.155","10","14","56","21","100"
"2020","2021","San Benito","9847993000","1949000","12013000","80743000","26923000","121627000","1.235","2","10","66","22","100"
"2020","2021","San Bernardino","257046159000","156845000","278467000","1241660000","1288682000","2965654000","1.154","5","9","42","43","100"
"2020","2021","San Diego","582279010000","758969000","803901000","4296190000","959345000","6818405000","1.171","11","12","63","14","100"
"2020","2021","San Francisco","301409161000","2067521000","","1096552000","452734000","3616807000","1.2","57","","30","13","100"
"2020","2021","San Joaquin","86507829000","82734000","182557000","581435000","137266000","983991000","1.137","8","19","59","14","100"
"2020","2021","San Luis Obispo","62050205000","48281000","156306000","432211000","40849000","677647000","1.092","7","23","64","6","100"
"2020","2021","San Mateo","257235621000","277475000","315296000","1779092000","495543000","2867407000","1.115","10","11","62","17","100"
"2020","2021","Santa Barbara","91982428000","49974000","159953000","592643000","183178000","985748000","1.072","5","16","60","19","100"
"2020","2021","Santa Clara","553239731000","578822000","935535000","4180520000","1001237000","6696116000","1.21","9","14","62","15","100"
"2020","2021","Santa Cruz","50629141000","26870000","63684000","321546000","147634000","559735000","1.106","5","11","57","26","100"
"2020","2021","Shasta","20315648000","13229000","23739000","148522000","41057000","226547000","1.115","6","10","66","18","100"
"2020","2021","Sierra","632396000","36000","3206000","2122000","959000","6324000","1","1","51","34","15","100"
"2020","2021","Siskiyou","5278687000","3066000","11455000","38845000","2249000","55616000","1.054","6","21","70","4","100"
"2020","2021","Solano","60049261000","85222000","110007000","343484000","170830000","709543000","1.182","12","16","48","24","100"
"2020","2021","Sonoma","99510981000","58907000","222355000","725192000","156476000","1162930000","1.169","5","19","62","13","100"
"2020","2021","Stanislaus","55189137000","34814000","73180000","442010000","59116000","609121000","1.104","6","12","73","10","100"
"2020","2021","Sutter","10827341000","9651000","18668000","79064000","11539000","118922000","1.098","8","16","66","10","100"
"2020","2021","Tehama","6503433000","2538000","16428000","47938000","2266000","69170000","1.064","4","24","69","3","100"
"2020","2021","Trinity","1819356000","","5863000","12139000","771000","18773000","1.032","","31","65","4","100"
"2020","2021","Tulare","39946692000","24320000","77599000","269497000","70547000","441963000","1.106","6","18","61","16","100"
"2020","2021","Tuolumne","8086601000","664000","23739000","56778000","5917000","87098000","1.077","1","27","65","7","100"
"2020","2021","Ventura","148067064000","140373000","246146000","870513000","386753000","1643785000","1.11","9","15","53","24","100"
"2020","2021","Yolo","30873701000","51430000","30361000","190489000","63215000","335495000","1.087","15","9","57","19","100"
"2020","2021","Yuba","6815670000","1790000","14323000","53004000","6834000","75950000","1.114","2","19","70","9","100"
"2019","2020","Alameda","312052253000","716498000","539045000","1742079000","902639000","3900261000","1.25","19","13","44","24","100"
"2019","2020","Alpine","779651000","","5157000","2045000","853000","8055000","1.033","","64","26","10","100"
"2019","2020","Amador","5545050000","2597000","17772000","34823000","1099000","56291000","1.015","5","31","62","2","100"
"2019","2020","Butte","24416880000","12456000","25373000","166895000","66969000","271694000","1.113","5","9","61","25","100"
"2019","2020","Calaveras","7628755000","590000","15620000","58479000","10391000","85080000","1.115","1","18","68","12","100"
"2019","2020","Colusa","4288510000","2135000","14595000","27360000","3092000","47181000","1.1","5","31","57","7","100"
"2019","2020","Contra Costa","217984648000","198951000","283175000","1344564000","726405000","2553096000","1.171","8","11","53","28","100"
"2019","2020","Del Norte","1945861000","141000","3595000","13488000","3231000","20456000","1.051","1","18","66","16","100"
"2019","2020","El Dorado","34849149000","8705000","81183000","191727000","92041000","373656000","1.072","2","22","51","25","100"
"2019","2020","Fresno","86142442000","112525000","121149000","673468000","123523000","1030665000","1.196","11","12","66","12","100"
"2019","2020","Glenn","3632480000","1811000","7796000","28965000","1659000","40231000","1.108","4","20","72","4","100"
"2019","2020","Humboldt","14475120000","3452000","29216000","103302000","22566000","158535000","1.095","2","19","65","14","100"
"2019","2020","Imperial","12797657000","9534000","22518000","92945000","29636000","154632000","1.208","6","14","60","19","100"
"2019","2020","Inyo","4765047000","610000","14241000","30442000","4997000","50290000","1.055","1","28","60","10","100"
"2019","2020","Kern","93099719000","59171000","271472000","676579000","157026000","1164248000","1.251","5","23","58","14","100"
"2019","2020","Kings","11715387000","7286000","26231000","69817000","25071000","128404000","1.096","6","21","55","19","100"
"2019","2020","Lake","7551255000","1040000","17599000","49010000","17134000","84783000","1.123","1","20","58","20","100"
"2019","2020","Lassen","2450936000","1057000","4879000","18013000","1249000","25199000","1.028","4","19","71","5","100"
"2019","2020","Los Angeles","1620830758000","2767290000","3898368000","8836403000","3475456000","18977518000","1.171","14","20","47","18","100"
"2019","2020","Madera","15705857000","3938000","23213000","130027000","18945000","176123000","1.121","2","13","74","10","100"
"2019","2020","Marin","82783771000","92724000","156882000","567814000","126559000","943979000","1.14","10","17","60","14","100"
"2019","2020","Mariposa","2531217000","","6439000","18407000","1406000","26252000","1.037","","24","71","5","100"
"2019","2020","Mendocino","12456043000","1580000","33876000","88561000","16800000","140816000","1.131","1","24","63","12","100"
"2019","2020","Merced","26293084000","14674000","62769000","184347000","27846000","289637000","1.102","5","22","63","10","100"
"2019","2020","Modoc","1027434000","309000","2750000","6652000","563000","10274000","1","3","27","65","5","100"
"2019","2020","Mono","6501831000","2831000","19552000","32467000","18563000","73414000","1.129","4","27","44","26","100"
"2019","2020","Monterey","71878012000","44851000","114638000","508098000","124479000","792065000","1.102","6","15","63","16","100"
"2019","2020","Napa","42098533000","39886000","93446000","313042000","20490000","466863000","1.109","8","20","67","4","100"
"2019","2020","Nevada","20448091000","15829000","28406000","128176000","47458000","219869000","1.075","7","13","58","22","100"
"2019","2020","Orange","630269740000","674560000","359564000","4181572000","1527494000","6743189000","1.07","10","5","62","23","100"
"2019","2020","Placer","81482949000","62890000","145168000","572679000","114144000","894880000","1.098","7","16","64","13","100"
"2019","2020","Plumas","4490785000","252000","9442000","34657000","5392000","49743000","1.108","","19","70","11","100"
"2019","2020","Riverside","299575397000","214857000","337899000","1715825000","1250844000","3519425000","1.175","6","10","49","36","100"
"2019","2020","Sacramento","171686888000","189056000","279848000","1107402000","407189000","1983495000","1.155","10","14","56","21","100"
"2019","2020","San Benito","9240456000","1808000","11326000","74138000","25525000","112797000","1.221","2","10","66","22","100"
"2019","2020","San Bernardino","242746330000","148726000","264838000","1180057000","1210711000","2804333000","1.155","5","9","42","43","100"
"2019","2020","San Diego","552777761000","721240000","765036000","4073673000","887197000","6447145000","1.166","11","12","63","14","100"
"2019","2020","San Francisco","279085290000","1904835000","","990501000","396967000","3292302000","1.18","57","","30","13","100"
"2019","2020","San Joaquin","80557041000","78408000","170482000","546209000","124091000","919191000","1.141","8","19","59","14","100"
"2019","2020","San Luis Obispo","59272849000","45957000","147371000","415990000","42591000","651909000","1.1","7","23","64","6","100"
"2019","2020","San Mateo","238479069000","252035000","293090000","1673558000","453201000","2671884000","1.12","10","11","62","17","100"
"2019","2020","Santa Barbara","87526650000","47288000","151689000","567089000","174355000","940420000","1.074","5","16","60","19","100"
"2019","2020","Santa Clara","517690838000","551356000","927468000","3850914000","934422000","6264159000","1.21","9","14","62","15","100"
"2019","2020","Santa Cruz","48382546000","25830000","61039000","306257000","140016000","533142000","1.102","5","11","57","26","100"
"2019","2020","Shasta","19292495000","12597000","22668000","140881000","38453000","214599000","1.112","6","10","66","18","100"
"2019","2020","Sierra","602954000","40000","3073000","2040000","887000","6039000","1.002","1","51","34","15","100"
"2019","2020","Siskiyou","5108270000","2965000","11089000","37648000","2174000","53876000","1.055","6","21","70","4","100"
"2019","2020","Solano","57627435000","81941000","105911000","328986000","163419000","680256000","1.18","12","16","48","24","100"
"2019","2020","Sonoma","95131825000","55726000","212708000","683282000","149939000","1101657000","1.158","5","19","62","13","100"
"2019","2020","Stanislaus","52531917000","33318000","69725000","422917000","55206000","581166000","1.106","6","12","73","10","100"
"2019","2020","Sutter","10363550000","9221000","17893000","75251000","11100000","113464000","1.095","8","16","66","10","100"
"2019","2020","Tehama","6131948000","2401000","15507000","45564000","2133000","65604000","1.07","4","24","69","3","100"
"2019","2020","Trinity","1735173000","","5610000","11591000","738000","17939000","1.034","","31","65","4","100"
"2019","2020","Tulare","37888251000","22952000","73906000","254293000","70004000","421155000","1.112","6","18","61","16","100"
"2019","2020","Tuolumne","7805818000","637000","22907000","54413000","5754000","83710000","1.072","1","27","65","7","100"
"2019","2020","Ventura","142162266000","132182000","236136000","827800000","371604000","1567723000","1.103","9","15","53","24","100"
"2019","2020","Yolo","29395025000","49088000","29087000","182448000","59246000","319870000","1.088","15","9","57","19","100"
"2019","2020","Yuba","6384221000","1703000","13487000","49755000","6276000","71221000","1.116","2","19","70","9","100"
"2018","2019","Alameda","291584052000","675587000","504051000","1626216000","814157000","3620011000","1.241","19","14","45","22","100"
"2018","2019","Alpine","753072000","","4713000","1975000","844000","7532000","1","","63","26","11","100"
"2018","2019","Amador","5317153000","2417000","17109000","33429000","1050000","54006000","1.016","4","32","62","2","100"
"2018","2019","Butte","23284221000","12020000","25191000","160448000","61883000","259542000","1.115","5","10","62","24","100"
"2018","2019","Calaveras","7297573000","568000","14657000","54957000","9943000","80125000","1.098","1","18","69","12","100"
"2018","2019","Colusa","4076114000","2013000","14120000","25740000","2911000","44783000","1.099","4","32","57","6","100"
"2018","2019","Contra Costa","207317373000","192629000","270656000","1263859000","654425000","2381568000","1.149","8","11","53","27","100"
"2018","2019","Del Norte","1857462000","138000","3412000","12843000","3121000","19514000","1.051","1","17","66","16","100"
"2018","2019","El Dorado","33480321000","8322000","78100000","180873000","88686000","355981000","1.063","2","22","51","25","100"
"2018","2019","Fresno","81738201000","106035000","115536000","626124000","117389000","965084000","1.181","11","12","65","12","100"
"2018","2019","Glenn","3310027000","1708000","7137000","25588000","1451000","35884000","1.084","5","20","71","4","100"
"2018","2019","Humboldt","13870459000","3421000","28127000","98896000","21167000","151611000","1.093","2","19","65","14","100"
"2018","2019","Imperial","12264446000","9125000","21689000","89121000","28189000","148125000","1.208","6","15","60","19","100"
"2018","2019","Inyo","4642511000","579000","13853000","29842000","4980000","49253000","1.061","1","28","61","10","100"
"2018","2019","Kern","89360740000","56674000","261640000","644197000","145464000","1107975000","1.24","5","24","58","13","100"
"2018","2019","Kings","11100761000","6873000","24734000","64969000","24115000","120690000","1.087","6","20","54","20","100"
"2018","2019","Lake","7164525000","1018000","16321000","46239000","16009000","79588000","1.111","1","21","58","20","100"
"2018","2019","Lassen","2343284000","989000","4672000","17143000","1212000","24016000","1.025","4","19","71","5","100"
"2018","2019","Los Angeles","1513553599000","2600341000","3635973000","8424515000","3223891000","17884719000","1.182","15","20","47","18","100"
"2018","2019","Madera","14913377000","3799000","22065000","118488000","18049000","162401000","1.089","2","14","73","11","100"
"2018","2019","Marin","78831205000","88539000","149424000","549651000","122046000","909659000","1.154","10","16","60","13","100"
"2018","2019","Mariposa","2424021000","","6172000","17735000","1338000","25245000","1.041","","24","70","5","100"
"2018","2019","Mendocino","12086264000","1507000","32839000","85415000","16470000","136231000","1.127","1","24","63","12","100"
"2018","2019","Merced","24580694000","13864000","58640000","169091000","25939000","267534000","1.088","5","22","63","10","100"
"2018","2019","Modoc","1003632000","306000","2686000","6495000","549000","10036000","1","3","27","65","5","100"
"2018","2019","Mono","6130608000","2644000","18471000","31012000","17900000","70027000","1.142","4","26","44","26","100"
"2018","2019","Monterey","67379614000","42724000","107347000","474879000","115566000","740516000","1.099","6","14","64","16","100"
"2018","2019","Napa","39515417000","37505000","87925000","297465000","19049000","441944000","1.118","8","20","67","4","100"
"2018","2019","Nevada","19529852000","15190000","27151000","122038000","44972000","209351000","1.072","7","13","58","21","100"
"2018","2019","Orange","596317790000","641564000","344955000","3966971000","1426449000","6379939000","1.07","10","5","62","22","100"
"2018","2019","Placer","76731164000","58262000","137628000","528210000","107109000","831209000","1.083","7","17","64","13","100"
"2018","2019","Plumas","4338490000","242000","9159000","32647000","5192000","47241000","1.089","1","19","69","11","100"
"2018","2019","Riverside","283112649000","202695000","319785000","1520725000","1271626000","3314831000","1.171","6","10","46","38","100"
"2018","2019","Sacramento","161107585000","176205000","263699000","1027224000","380868000","1847996000","1.147","10","14","56","21","100"
"2018","2019","San Benito","8551047000","1645000","10529000","67468000","23806000","103448000","1.21","2","10","65","23","100"
"2018","2019","San Bernardino","227709111000","145148000","250569000","1120876000","1126602000","2643194000","1.161","5","9","42","43","100"
"2018","2019","San Diego","522649858000","682535000","722980000","3733681000","831454000","5970650000","1.142","11","12","63","14","100"
"2018","2019","San Francisco","259243174000","1762294000","","922630000","333024000","3017949000","1.164","58","","31","11","100"
"2018","2019","San Joaquin","75607299000","74443000","159533000","514324000","117133000","865433000","1.145","9","18","59","14","100"
"2018","2019","San Luis Obispo","56159730000","44155000","141384000","394646000","39998000","620183000","1.104","7","23","64","6","100"
"2018","2019","San Mateo","222619978000","237165000","274815000","1548544000","416016000","2476540000","1.112","10","11","63","17","100"
"2018","2019","Santa Barbara","83342402000","44813000","145092000","542896000","165739000","898539000","1.078","5","16","60","18","100"
"2018","2019","Santa Clara","485233862000","504163000","876589000","3594299000","880508000","5855560000","1.207","9","15","61","15","100"
"2018","2019","Santa Cruz","45987853000","24683000","58318000","292433000","131529000","506963000","1.102","5","12","58","26","100"
"2018","2019","Shasta","18487626000","12029000","21988000","134983000","36390000","205389000","1.111","6","11","66","18","100"
"2018","2019","Sierra","583597000","38000","3011000","1955000","832000","5836000","1","1","52","34","14","100"
"2018","2019","Siskiyou","4955027000","2870000","10764000","36551000","2107000","52292000","1.055","5","21","70","4","100"
"2018","2019","Solano","54446530000","77526000","100312000","316372000","155671000","649880000","1.194","12","15","49","24","100"
"2018","2019","Sonoma","89896409000","52947000","200879000","650220000","141744000","1045789000","1.163","5","19","62","14","100"
"2018","2019","Stanislaus","49605276000","31586000","65893000","398122000","51315000","546916000","1.103","6","12","73","9","100"
"2018","2019","Sutter","9907953000","8755000","17187000","72461000","10537000","108941000","1.1","8","16","67","10","100"
"2018","2019","Tehama","5767737000","2284000","14600000","41380000","2003000","60267000","1.045","4","24","69","3","100"
"2018","2019","Trinity","1670899000","","5408000","11023000","731000","17162000","1.027","","32","64","4","100"
"2018","2019","Tulare","36070906000","21802000","71015000","242283000","66464000","401564000","1.113","5","18","60","17","100"
"2018","2019","Tuolumne","7492677000","618000","22035000","52160000","5425000","80237000","1.071","1","27","65","7","100"
"2018","2019","Ventura","135745917000","126600000","227897000","792706000","352401000","1499604000","1.105","8","15","53","23","100"
"2018","2019","Yolo","27912060000","46699000","27816000","168750000","55673000","298939000","1.071","16","9","56","19","100"
"2018","2019","Yuba","6011147000","1600000","12538000","47172000","5839000","67149000","1.117","2","19","70","9","100"
"2017","2018","Alameda","272626240000","638068000","442917000","1524276000","746822000","3352083000","1.23","19","13","45","22","100"
"2017","2018","Alpine","729942000","","4552000","1912000","836000","7300000","1","","62","26","11","100"
"2017","2018","Amador","5086623000","2301000","16382000","32003000","1006000","51691000","1.016","4","32","62","2","100"
"2017","2018","Butte","22080235000","11463000","24095000","150270000","57519000","243346000","1.102","5","10","62","24","100"
"2017","2018","Calaveras","6848694000","543000","13644000","51146000","9322000","74655000","1.09","1","18","69","12","100"
"2017","2018","Colusa","3998054000","1983000","14055000","24155000","2843000","43036000","1.076","5","33","56","7","100"
"2017","2018","Contra Costa","195103960000","182909000","256885000","1189874000","607713000","2237382000","1.147","8","11","53","27","100"
"2017","2018","Del Norte","1820890000","136000","3340000","12650000","3050000","19176000","1.053","1","17","66","16","100"
"2017","2018","El Dorado","31534124000","7854000","73987000","171244000","82944000","336029000","1.066","2","22","51","25","100"
"2017","2018","Fresno","77707738000","100456000","110206000","598268000","110415000","919346000","1.183","11","12","65","12","100"
"2017","2018","Glenn","3153412000","1623000","6798000","24928000","1389000","34739000","1.102","5","20","72","4","100"
"2017","2018","Humboldt","13219427000","3307000","26748000","94130000","20122000","144308000","1.092","2","19","65","14","100"
"2017","2018","Imperial","11778289000","8835000","21071000","82366000","27001000","139272000","1.182","6","15","59","19","100"
"2017","2018","Inyo","4329189000","555000","12920000","27849000","4746000","46071000","1.064","1","28","60","10","100"
"2017","2018","Kern","85761123000","54422000","252232000","614677000","139048000","1060379000","1.236","5","24","58","13","100"
"2017","2018","Kings","10748509000","6527000","23715000","63124000","23825000","117191000","1.09","6","20","54","20","100"
"2017","2018","Lake","6932405000","1003000","15820000","44237000","15354000","76414000","1.102","1","21","58","20","100"
"2017","2018","Lassen","2279215000","947000","4549000","16832000","1189000","23517000","1.032","4","19","72","5","100"
"2017","2018","Los Angeles","1431177503000","2374839000","3418158000","7926272000","3095299000","16814569000","1.175","14","20","47","18","100"
"2017","2018","Madera","14192563000","3650000","21157000","113679000","16924000","155410000","1.095","2","14","73","11","100"
"2017","2018","Marin","74752038000","83895000","141646000","514958000","116789000","857288000","1.147","10","17","60","14","100"
"2017","2018","Mariposa","2328479000","","5931000","16873000","1276000","24080000","1.034","","25","70","5","100"
"2017","2018","Mendocino","11943540000","1525000","32568000","84203000","15961000","134258000","1.124","1","24","63","12","100"
"2017","2018","Merced","23168528000","13049000","55414000","161122000","23992000","253577000","1.094","5","22","64","9","100"
"2017","2018","Modoc","994400000","332000","2643000","6431000","538000","9944000","1","3","27","65","5","100"
"2017","2018","Mono","5879453000","2528000","17720000","26993000","17033000","64275000","1.093","4","28","42","27","100"
"2017","2018","Monterey","63346959000","40357000","101401000","444640000","106028000","692426000","1.093","6","15","64","15","100"
"2017","2018","Napa","37630063000","35579000","84160000","285306000","16941000","421986000","1.121","8","20","68","4","100"
"2017","2018","Nevada","18699362000","14423000","26480000","116399000","42510000","199813000","1.069","7","13","58","21","100"
"2017","2018","Orange","560813880000","606033000","325382000","3735194000","1326493000","5993102000","1.069","10","5","62","22","100"
"2017","2018","Placer","71975458000","53910000","129974000","501511000","99429000","784824000","1.09","7","17","64","13","100"
"2017","2018","Plumas","4112117000","231000","8698000","30913000","4898000","44739000","1.088","1","19","69","11","100"
"2017","2018","Riverside","266992247000","193174000","303378000","1443064000","1189862000","3129479000","1.172","6","10","46","38","100"
"2017","2018","Sacramento","150856151000","165186000","248020000","968662000","353291000","1735159000","1.15","10","14","56","20","100"
"2017","2018","San Benito","7922816000","1513000","9818000","62630000","22198000","96159000","1.214","2","10","65","23","100"
"2017","2018","San Bernardino","211988010000","142710000","235985000","1044926000","1024607000","2448228000","1.155","6","10","43","42","100"
"2017","2018","San Diego","492568102000","641729000","684815000","3531435000","763579000","5621557000","1.141","11","12","63","14","100"
"2017","2018","San Francisco","234074597000","1585651000","","830554000","330506000","2746711000","1.173","58","","30","12","100"
"2017","2018","San Joaquin","72199514000","71230000","151952000","481871000","113145000","818198000","1.133","9","19","59","14","100"
"2017","2018","San Luis Obispo","53254133000","41224000","133121000","370381000","38146000","582871000","1.095","7","23","64","7","100"
"2017","2018","San Mateo","207939918000","223087000","259146000","1461835000","381519000","2325587000","1.118","10","11","63","16","100"
"2017","2018","Santa Barbara","79468595000","42049000","140111000","515768000","156337000","854265000","1.075","5","16","60","18","100"
"2017","2018","Santa Clara","451768226000","470584000","821220000","3354564000","836749000","5483116000","1.214","9","15","61","15","100"
"2017","2018","Santa Cruz","43284454000","23290000","54913000","280009000","123428000","481640000","1.113","5","11","58","26","100"
"2017","2018","Shasta","17746515000","11455000","21121000","131349000","35026000","198950000","1.121","6","11","66","18","100"
"2017","2018","Sierra","557600000","38000","2872000","1888000","778000","5576000","1","1","51","34","14","100"
"2017","2018","Siskiyou","4824179000","2813000","10479000","35723000","2037000","51052000","1.058","6","21","70","4","100"
"2017","2018","Solano","51727035000","74215000","95806000","291051000","147587000","608659000","1.177","12","16","48","24","100"
"2017","2018","Sonoma","86548248000","50940000","193373000","624664000","134025000","1003002000","1.159","5","19","62","13","100"
"2017","2018","Stanislaus","46888862000","29865000","62344000","378030000","47821000","518060000","1.105","6","12","73","9","100"
"2017","2018","Sutter","9516132000","8380000","16524000","70322000","10202000","105428000","1.108","8","16","67","10","100"
"2017","2018","Tehama","5315738000","2120000","13458000","38929000","1846000","56352000","1.06","4","24","69","3","100"
"2017","2018","Trinity","1597985000","","5171000","10395000","699000","16265000","1.018","","32","64","4","100"
"2017","2018","Tulare","34338233000","20649000","67820000","231382000","63202000","383052000","1.116","5","18","60","16","100"
"2017","2018","Tuolumne","7122616000","602000","20946000","49752000","5126000","76426000","1.073","1","27","65","7","100"
"2017","2018","Ventura","129988430000","122396000","218397000","746804000","335445000","1423042000","1.095","9","15","52","24","100"
"2017","2018","Yolo","26383570000","44617000","26276000","160161000","51989000","283043000","1.073","16","9","57","18","100"
"2017","2018","Yuba","5625811000","1510000","11783000","43784000","5323000","62399000","1.109","2","19","70","9","100"
"2016","2017","Alameda","255472227000","593502000","415809000","1402833000","682840000","3094984000","1.211","19","13","45","22","100"
"2016","2017","Alpine","721642000","","4485000","1889000","843000","7217000","1","","62","26","12","100"
"2016","2017","Amador","4864357000","2170000","15685000","30648000","957000","49460000","1.017","4","32","62","2","100"
"2016","2017","Butte","20908171000","10997000","22860000","133813000","53914000","221584000","1.06","5","10","60","24","100"
"2016","2017","Calaveras","6335817000","505000","13070000","48086000","8693000","70354000","1.11","1","19","68","12","100"
"2016","2017","Colusa","3836721000","1891000","13712000","22104000","2699000","40405000","1.053","5","34","55","7","100"
"2016","2017","Contra Costa","184659080000","170929000","242133000","1120492000","584675000","2118229000","1.147","8","11","53","28","100"
"2016","2017","Del Norte","1769008000","134000","3260000","12314000","2968000","18677000","1.056","1","17","66","16","100"
"2016","2017","El Dorado","29762050000","7404000","70025000","162383000","78374000","318186000","1.069","2","22","51","25","100"
"2016","2017","Fresno","73741247000","95503000","105066000","549897000","104170000","854637000","1.159","11","12","64","12","100"
"2016","2017","Glenn","3036978000","1560000","6548000","22681000","1336000","32125000","1.058","5","20","71","4","100"
"2016","2017","Humboldt","12668241000","3160000","25525000","90549000","19454000","138687000","1.095","2","18","65","14","100"
"2016","2017","Imperial","11305067000","8561000","20860000","78079000","25406000","132907000","1.176","6","16","59","19","100"
"2016","2017","Inyo","4216400000","539000","12589000","27046000","4844000","45018000","1.068","1","28","60","11","100"
"2016","2017","Kern","80792378000","51953000","236269000","549070000","124130000","961422000","1.19","5","25","57","13","100"
"2016","2017","Kings","10401764000","6155000","23012000","59652000","23424000","112243000","1.079","5","21","53","21","100"
"2016","2017","Lake","6687719000","990000","15282000","42518000","14721000","73512000","1.099","1","21","58","20","100"
"2016","2017","Lassen","2203512000","910000","4392000","16209000","1154000","22665000","1.029","4","19","72","5","100"
"2016","2017","Los Angeles","1347756246000","2238159000","3224963000","7375299000","2885337000","15723758000","1.167","14","21","47","18","100"
"2016","2017","Madera","13617310000","3504000","20345000","107521000","16264000","147634000","1.084","2","14","73","11","100"
"2016","2017","Marin","70982261000","79636000","134499000","474498000","105135000","793768000","1.118","10","17","60","13","100"
"2016","2017","Mariposa","2193580000","","5586000","15245000","1208000","22040000","1.005","","25","69","5","100"
"2016","2017","Mendocino","11152688000","1395000","30356000","79190000","14885000","125826000","1.128","1","24","63","12","100"
"2016","2017","Merced","21873639000","12387000","52372000","154673000","22370000","241802000","1.105","5","22","64","9","100"
"2016","2017","Modoc","942193000","295000","2519000","6125000","516000","9455000","1.004","3","27","65","5","100"
"2016","2017","Mono","5748956000","2471000","17325000","28483000","16618000","64896000","1.129","4","27","44","26","100"
"2016","2017","Monterey","59988810000","38527000","96074000","426072000","99062000","659735000","1.1","6","15","65","15","100"
"2016","2017","Napa","35191152000","33358000","78358000","268851000","15266000","395833000","1.125","8","20","68","4","100"
"2016","2017","Nevada","17655269000","13670000","25017000","108613000","40327000","187627000","1.063","7","13","58","21","100"
"2016","2017","Orange","528299617000","573298000","308509000","3510711000","1232488000","5625007000","1.065","10","5","62","22","100"
"2016","2017","Placer","68146327000","50554000","123705000","477690000","93964000","745913000","1.095","7","17","64","13","100"
"2016","2017","Plumas","3948313000","221000","8354000","27594000","4756000","40924000","1.036","1","20","67","12","100"
"2016","2017","Riverside","253628299000","184080000","288928000","1357674000","1124085000","2954767000","1.165","6","10","46","38","100"
"2016","2017","Sacramento","141825040000","157365000","234355000","896099000","326480000","1614298000","1.138","10","15","56","20","100"
"2016","2017","San Benito","7350557000","1387000","9151000","55507000","20708000","86752000","1.18","2","11","64","24","100"
"2016","2017","San Bernardino","200375417000","144651000","225858000","985473000","954152000","2310135000","1.153","6","10","43","41","100"
"2016","2017","San Diego","463849405000","608558000","644831000","3296877000","717518000","5267783000","1.136","12","12","63","14","100"
"2016","2017","San Francisco","211532524000","1460677000","","749264000","286333000","2496274000","1.18","59","","30","11","100"
"2016","2017","San Joaquin","67671767000","67502000","143347000","454787000","101865000","767502000","1.134","9","19","59","13","100"
"2016","2017","San Luis Obispo","50490469000","38766000","126270000","345520000","35281000","545837000","1.081","7","23","63","6","100"
"2016","2017","San Mateo","192775633000","208679000","241272000","1364243000","344776000","2158970000","1.12","10","11","63","16","100"
"2016","2017","Santa Barbara","75421929000","39480000","134762000","481245000","146674000","802161000","1.064","5","17","60","18","100"
"2016","2017","Santa Clara","420707619000","442058000","715376000","3101834000","783973000","5043241000","1.199","9","14","62","16","100"
"2016","2017","Santa Cruz","40909449000","22195000","52141000","256639000","115414000","446390000","1.091","5","12","57","26","100"
"2016","2017","Shasta","16880428000","10806000","20165000","120311000","32512000","183794000","1.089","6","11","65","18","100"
"2016","2017","Sierra","545404000","34000","2800000","1841000","781000","5456000","1","1","51","34","14","100"
"2016","2017","Siskiyou","4676161000","2748000","10146000","34556000","1979000","49429000","1.057","6","21","70","4","100"
"2016","2017","Solano","48821520000","69103000","89531000","280477000","139401000","578514000","1.185","12","15","48","24","100"
"2016","2017","Sonoma","82054176000","48315000","183263000","585997000","126933000","944508000","1.151","5","19","62","13","100"
"2016","2017","Stanislaus","44291685000","28274000","58908000","354145000","44433000","485760000","1.097","6","12","73","9","100"
"2016","2017","Sutter","9100232000","8026000","15854000","65502000","9747000","99129000","1.089","8","16","66","10","100"
"2016","2017","Tehama","5087787000","2109000","13288000","34636000","1785000","51817000","1.018","4","26","67","3","100"
"2016","2017","Trinity","1495699000","","4885000","9613000","688000","15186000","1.015","","32","63","5","100"
"2016","2017","Tulare","32939239000","19579000","64836000","218584000","61424000","364422000","1.106","5","18","60","17","100"
"2016","2017","Tuolumne","6833289000","570000","20071000","47506000","4985000","73131000","1.07","1","27","65","7","100"
"2016","2017","Ventura","123952207000","113701000","208386000","709308000","317788000","1349182000","1.088","8","15","53","24","100"
"2016","2017","Yolo","25056132000","42268000","24704000","151961000","49887000","268820000","1.073","16","9","57","19","100"
"2016","2017","Yuba","5330436000","1431000","11192000","42000000","5041000","59663000","1.119","2","19","70","8","100"
"2015","2016","Alameda","238859169000","545108000","388716000","1322956000","631950000","2888730000","1.209","19","13","46","22","100"
"2015","2016","Alpine","709185000","","4403000","1857000","833000","7093000","1","","62","26","12","100"
"2015","2016","Amador","4683638000","2045000","15131000","29555000","917000","47648000","1.017","4","32","62","2","100"
"2015","2016","Butte","20105297000","10471000","22187000","129444000","51489000","213591000","1.062","5","10","61","24","100"
"2015","2016","Calaveras","6259441000","493000","12870000","47535000","8550000","69449000","1.11","1","19","68","12","100"
"2015","2016","Colusa","3645867000","1657000","13287000","20505000","2634000","38083000","1.045","4","35","54","7","100"
"2015","2016","Contra Costa","174286919000","161988000","232037000","1083884000","524292000","2002200000","1.149","8","12","54","26","100"
"2015","2016","Del Norte","1724753000","134000","3187000","11976000","2876000","18173000","1.054","1","18","66","16","100"
"2015","2016","El Dorado","28226975000","7045000","66428000","153141000","74308000","300921000","1.066","2","22","51","25","100"
"2015","2016","Fresno","70375189000","91317000","100489000","527744000","98800000","818349000","1.163","11","12","64","12","100"
"2015","2016","Glenn","2925706000","1488000","6306000","21869000","1285000","30948000","1.058","5","20","71","4","100"
"2015","2016","Humboldt","12306039000","3127000","24775000","87814000","18725000","134441000","1.092","2","18","65","14","100"
"2015","2016","Imperial","11251806000","8352000","20556000","77463000","23958000","130328000","1.158","6","16","59","18","100"
"2015","2016","Inyo","4117440000","495000","12282000","26616000","4495000","43887000","1.066","1","28","61","10","100"
"2015","2016","Kern","84832197000","49610000","254311000","573087000","120385000","997394000","1.176","5","25","57","12","100"
"2015","2016","Kings","9851230000","5885000","24336000","57100000","19637000","106957000","1.086","6","23","53","18","100"
"2015","2016","Lake","6754145000","982000","15501000","42182000","14645000","73310000","1.085","1","21","58","20","100"
"2015","2016","Lassen","2143391000","885000","4265000","15786000","1119000","22055000","1.029","4","19","72","5","100"
"2015","2016","Los Angeles","1276104762000","2128562000","3062867000","6952588000","2708436000","14852452000","1.164","14","21","47","18","100"
"2015","2016","Madera","12989436000","3382000","19433000","103677000","15467000","141959000","1.093","2","14","73","11","100"
"2015","2016","Marin","66732347000","74807000","126445000","442345000","106902000","750500000","1.125","10","17","59","14","100"
"2015","2016","Mariposa","2127413000","","5419000","14786000","1174000","21379000","1.005","","25","69","5","100"
"2015","2016","Mendocino","10732651000","1358000","29169000","75008000","14550000","120085000","1.119","1","24","62","12","100"
"2015","2016","Merced","20827126000","12023000","49549000","146187000","21369000","229127000","1.1","5","22","64","9","100"
"2015","2016","Modoc","922771000","286000","2451000","5961000","530000","9228000","1","3","27","65","6","100"
"2015","2016","Mono","5625343000","2416000","16969000","28154000","16862000","64401000","1.145","4","26","44","26","100"
"2015","2016","Monterey","57408576000","36621000","91810000","405626000","97852000","631909000","1.101","6","15","64","15","100"
"2015","2016","Napa","32797827000","31056000","72950000","240626000","14276000","358909000","1.094","9","20","67","4","100"
"2015","2016","Nevada","16846029000","13089000","23918000","103016000","38493000","178516000","1.06","7","13","58","22","100"
"2015","2016","Orange","501814599000","546735000","316799000","3344504000","1143427000","5351465000","1.066","10","6","62","21","100"
"2015","2016","Placer","64683205000","47268000","118035000","449281000","88983000","703567000","1.088","7","17","64","13","100"
"2015","2016","Plumas","3847117000","218000","8153000","26902000","4528000","39801000","1.035","1","20","68","11","100"
"2015","2016","Riverside","240726816000","174661000","275339000","1286663000","1061794000","2798457000","1.163","6","10","46","38","100"
"2015","2016","Sacramento","134574598000","148593000","223235000","833758000","309550000","1515136000","1.126","10","15","55","20","100"
"2015","2016","San Benito","6849582000","1296000","8556000","51753000","19367000","80972000","1.182","2","11","64","24","100"
"2015","2016","San Bernardino","192115709000","138485000","217878000","954081000","907843000","2218286000","1.155","6","10","43","41","100"
"2015","2016","San Diego","439116960000","577126000","612158000","3139393000","668857000","4997534000","1.138","12","12","63","13","100"
"2015","2016","San Francisco","194392572000","1329102000","","707359000","263091000","2299552000","1.183","58","","31","11","100"
"2015","2016","San Joaquin","64089425000","64585000","135977000","435130000","95367000","731059000","1.141","9","19","60","13","100"
"2015","2016","San Luis Obispo","48081075000","37261000","120392000","327863000","33174000","518690000","1.079","7","23","63","6","100"
"2015","2016","San Mateo","179189674000","195261000","225398000","1264785000","314391000","1999835000","1.116","10","11","63","16","100"
"2015","2016","Santa Barbara","72467183000","37186000","130913000","464776000","139123000","771998000","1.065","5","17","60","18","100"
"2015","2016","Santa Clara","389776314000","412597000","664925000","2908959000","704219000","4690700000","1.203","9","14","62","15","100"
"2015","2016","Santa Cruz","38931104000","21288000","49846000","249765000","108533000","429432000","1.103","5","12","58","25","100"
"2015","2016","Shasta","16194259000","10505000","19385000","116451000","30630000","176971000","1.093","6","11","66","17","100"
"2015","2016","Sierra","527294000","32000","2705000","1776000","760000","5273000","1","1","51","34","14","100"
"2015","2016","Siskiyou","4498928000","2688000","9750000","33231000","1885000","47555000","1.057","6","21","70","4","100"
"2015","2016","Solano","46014715000","65983000","85196000","257947000","130719000","539845000","1.173","12","16","48","24","100"
"2015","2016","Sonoma","77499404000","45987000","173215000","540954000","118887000","879042000","1.134","5","20","62","14","100"
"2015","2016","Stanislaus","41833348000","27060000","48994000","341597000","42208000","459859000","1.099","6","11","74","9","100"
"2015","2016","Sutter","8690147000","7681000","14940000","62743000","9315000","94679000","1.09","8","16","66","10","100"
"2015","2016","Tehama","4950192000","1987000","12542000","34241000","1720000","50490000","1.02","4","25","68","3","100"
"2015","2016","Trinity","1425145000","","4242000","9560000","657000","14460000","1.015","","29","66","5","100"
"2015","2016","Tulare","31421066000","18507000","62104000","209197000","58342000","348149000","1.108","5","18","60","17","100"
"2015","2016","Tuolumne","6576061000","550000","19433000","45687000","4797000","70467000","1.072","1","28","65","7","100"
"2015","2016","Ventura","119408264000","112377000","201151000","687488000","302949000","1303965000","1.092","9","15","53","23","100"
"2015","2016","Yolo","23811042000","40178000","23478000","144604000","47278000","255538000","1.073","16","9","57","19","100"
"2015","2016","Yuba","4860918000","1321000","9751000","38789000","4495000","54356000","1.118","2","18","71","8","100"
"2014","2015","Alameda","221560609000","500433000","355925000","1226423000","629257000","2712038000","1.224","18","13","45","23","100"
"2014","2015","Alpine","702393000","","4357000","1839000","829000","7025000","1","","62","26","12","100"
"2014","2015","Amador","4525718000","1954000","14630000","28544000","893000","46022000","1.017","4","32","62","2","100"
"2014","2015","Butte","19156221000","10017000","21277000","124454000","48482000","204230000","1.066","5","10","61","24","100"
"2014","2015","Calaveras","5919978000","480000","12245000","44851000","8083000","65660000","1.109","1","19","68","12","100"
"2014","2015","Colusa","3499402000","1602000","13100000","19528000","2225000","36455000","1.042","4","36","54","6","100"
"2014","2015","Contra Costa","162171604000","148567000","214162000","1011036000","500093000","1873858000","1.155","8","11","54","27","100"
"2014","2015","Del Norte","1700806000","131000","3145000","11945000","2850000","18072000","1.063","1","17","66","16","100"
"2014","2015","El Dorado","26789741000","6666000","62822000","144638000","70768000","284893000","1.063","2","22","51","25","100"
"2014","2015","Fresno","67520560000","86660000","96576000","507610000","95386000","786232000","1.164","11","12","65","12","100"
"2014","2015","Glenn","2743002000","1577000","5825000","20335000","1204000","28941000","1.055","5","20","70","4","100"
"2014","2015","Humboldt","11883605000","3027000","23886000","82193000","18111000","127217000","1.071","2","19","65","14","100"
"2014","2015","Imperial","9664157000","7608000","19378000","63393000","22538000","112918000","1.168","7","17","56","20","100"
"2014","2015","Inyo","3946166000","486000","11764000","25519000","4230000","41999000","1.064","1","28","61","10","100"
"2014","2015","Kern","93479183000","47702000","290607000","620170000","121857000","1080337000","1.156","4","27","57","11","100"
"2014","2015","Kings","9437459000","5954000","23309000","55401000","18053000","102717000","1.088","6","23","54","18","100"
"2014","2015","Lake","6681524000","976000","15317000","40906000","14503000","71703000","1.073","1","21","57","20","100"
"2014","2015","Lassen","2094622000","864000","4167000","15469000","1088000","21588000","1.031","4","19","72","5","100"
"2014","2015","Los Angeles","1204820772000","2034217000","2898436000","6694933000","2534230000","14161815000","1.175","14","20","47","18","100"
"2014","2015","Madera","12286197000","3230000","18433000","95081000","14581000","131324000","1.069","2","14","72","11","100"
"2014","2015","Marin","62320808000","69700000","118136000","414235000","88297000","690368000","1.108","10","17","60","13","100"
"2014","2015","Mariposa","2078885000","","5297000","14459000","1140000","20896000","1.005","","25","69","5","100"
"2014","2015","Mendocino","10380956000","1310000","28201000","72621000","14027000","116158000","1.119","1","24","63","12","100"
"2014","2015","Merced","19186818000","11041000","45883000","133050000","19549000","209524000","1.092","5","22","64","9","100"
"2014","2015","Modoc","896600000","279000","2387000","5785000","516000","8966000","1","3","27","65","6","100"
"2014","2015","Mono","5505599000","2366000","16612000","27679000","16125000","62782000","1.14","4","26","44","26","100"
"2014","2015","Monterey","54165018000","34324000","86961000","380157000","91591000","593033000","1.095","6","15","64","15","100"
"2014","2015","Napa","30801447000","30056000","68614000","226930000","13145000","338746000","1.1","9","20","67","4","100"
"2014","2015","Nevada","15983703000","12377000","22764000","96699000","36476000","168316000","1.053","7","14","57","22","100"
"2014","2015","Orange","473899934000","518298000","300531000","3136270000","1070956000","5026056000","1.061","10","6","62","21","100"
"2014","2015","Placer","59405798000","43764000","108463000","413005000","80443000","645676000","1.087","7","17","64","12","100"
"2014","2015","Plumas","3711724000","222000","7883000","26013000","4389000","38507000","1.037","1","20","68","11","100"
"2014","2015","Riverside","228102958000","165517000","261897000","1202536000","1005331000","2635280000","1.155","6","10","46","38","100"
"2014","2015","Sacramento","128707973000","142030000","233359000","798459000","276221000","1450069000","1.127","10","16","55","19","100"
"2014","2015","San Benito","6422073000","1212000","8045000","46284000","18271000","73812000","1.149","2","11","63","25","100"
"2014","2015","San Bernardino","182525092000","132095000","208653000","901280000","856453000","2098481000","1.15","6","10","43","41","100"
"2014","2015","San Diego","415615083000","546346000","579739000","2969443000","626672000","4722200000","1.136","12","12","63","13","100"
"2014","2015","San Francisco","181809981000","1260808000","","642456000","234842000","2138106000","1.176","59","","30","11","100"
"2014","2015","San Joaquin","60375379000","61442000","128289000","399423000","88427000","677581000","1.122","9","19","59","13","100"
"2014","2015","San Luis Obispo","45335830000","35037000","113655000","291511000","31239000","471442000","1.04","7","24","62","7","100"
"2014","2015","San Mateo","166386679000","182272000","209772000","1168586000","289574000","1850205000","1.112","10","11","63","16","100"
"2014","2015","Santa Barbara","69059890000","34955000","126273000","440866000","130851000","732945000","1.061","5","17","60","18","100"
"2014","2015","Santa Clara","358541956000","385862000","612438000","2675330000","635601000","4309231000","1.202","9","14","62","15","100"
"2014","2015","Santa Cruz","36554450000","20146000","47018000","234562000","100693000","402419000","1.101","5","12","58","25","100"
"2014","2015","Shasta","15542900000","10047000","18708000","113104000","29165000","171024000","1.1","6","11","66","17","100"
"2014","2015","Sierra","509900000","30000","2614000","1720000","735000","5099000","1","1","51","34","14","100"
"2014","2015","Siskiyou","4364416000","2617000","9456000","32018000","1832000","45923000","1.052","6","21","70","4","100"
"2014","2015","Solano","43755727000","62810000","81022000","242850000","124404000","511085000","1.168","12","16","48","24","100"
"2014","2015","Sonoma","72382230000","42945000","162056000","500163000","109908000","815072000","1.126","5","20","61","13","100"
"2014","2015","Stanislaus","39022543000","25028000","44973000","321946000","39847000","431794000","1.107","6","10","75","9","100"
"2014","2015","Sutter","8259629000","7330000","14202000","59657000","8933000","90122000","1.091","8","16","66","10","100"
"2014","2015","Tehama","4640546000","1882000","11742000","32311000","1610000","47545000","1.025","4","25","68","3","100"
"2014","2015","Trinity","1356289000","","4025000","9198000","627000","13850000","1.021","","29","66","5","100"
"2014","2015","Tulare","29707539000","17394000","57854000","199256000","54515000","329020000","1.108","5","18","61","17","100"
"2014","2015","Tuolumne","6245438000","528000","18363000","43280000","4540000","66711000","1.068","1","28","65","7","100"
"2014","2015","Ventura","114663255000","106396000","194897000","661480000","292826000","1255598000","1.095","8","16","53","23","100"
"2014","2015","Yolo","22306298000","37882000","22145000","133299000","43594000","236921000","1.062","16","9","56","18","100"
"2014","2015","Yuba","4928450000","1305000","10418000","38967000","4649000","55339000","1.123","2","19","70","8","100"
"2013","2014","Alameda","209358442000","469181000","336313000","1149875000","602670000","2558039000","1.222","18","13","45","24","100"
"2013","2014","Alpine","698352000","","4327000","1828000","830000","6984000","1","","62","26","12","100"
"2013","2014","Amador","4408042000","1868000","14254000","27851000","876000","44849000","1.017","4","32","62","2","100"
"2013","2014","Butte","18509335000","9694000","20804000","121028000","46705000","198232000","1.071","5","10","61","24","100"
"2013","2014","Calaveras","5572797000","470000","11501000","42358000","7580000","61910000","1.111","1","19","68","12","100"
"2013","2014","Colusa","3466982000","1556000","13150000","19180000","2181000","36066000","1.04","4","36","53","6","100"
"2013","2014","Contra Costa","148755246000","132222000","197473000","909873000","472429000","1711997000","1.151","8","12","53","28","100"
"2013","2014","Del Norte","1699400000","134000","3138000","11856000","2872000","18000000","1.059","1","17","66","16","100"
"2013","2014","El Dorado","25477748000","6350000","59832000","139182000","67475000","272839000","1.071","2","22","51","25","100"
"2013","2014","Fresno","63804300000","81434000","91835000","479184000","90571000","743025000","1.165","11","12","64","12","100"
"2013","2014","Glenn","2668722000","1534000","5651000","19776000","1180000","28141000","1.054","5","20","70","4","100"
"2013","2014","Humboldt","11647001000","2955000","23412000","80394000","17736000","124497000","1.069","2","19","65","14","100"
"2013","2014","Imperial","9309399000","7370000","18459000","60986000","22111000","108927000","1.17","7","17","56","20","100"
"2013","2014","Inyo","3847586000","493000","11485000","24780000","4152000","40909000","1.063","1","28","61","10","100"
"2013","2014","Kern","87982130000","43862000","264156000","597719000","113205000","1018942000","1.158","4","26","59","11","100"
"2013","2014","Kings","9331772000","5825000","22391000","54445000","18864000","101524000","1.088","6","22","54","19","100"
"2013","2014","Lake","6705876000","1015000","15262000","40910000","14667000","71854000","1.072","1","21","57","20","100"
"2013","2014","Lassen","2085152000","854000","4205000","15327000","1089000","21475000","1.03","4","20","71","5","100"
"2013","2014","Los Angeles","1142478546000","1937188000","2752489000","6354984000","2395989000","13440651000","1.176","14","20","47","18","100"
"2013","2014","Madera","11641566000","3101000","17323000","90251000","13862000","124537000","1.07","2","14","72","11","100"
"2013","2014","Marin","58831988000","65821000","111540000","395241000","83449000","656052000","1.115","10","17","60","13","100"
"2013","2014","Mariposa","2064167000","","5264000","14332000","1126000","20722000","1.004","","25","69","5","100"
"2013","2014","Mendocino","10168145000","1277000","27224000","70764000","14622000","113887000","1.12","1","24","62","13","100"
"2013","2014","Merced","17529760000","9948000","41918000","121338000","17465000","190670000","1.088","5","22","64","9","100"
"2013","2014","Modoc","1039075000","324000","2771000","6748000","578000","10422000","1.003","3","27","65","6","100"
"2013","2014","Mono","5395237000","2312000","16271000","27096000","15085000","60764000","1.126","4","27","45","25","100"
"2013","2014","Monterey","51241531000","32492000","82429000","355681000","85942000","556545000","1.086","6","15","64","15","100"
"2013","2014","Napa","29455972000","27581000","65889000","218433000","12348000","324252000","1.101","9","20","67","4","100"
"2013","2014","Nevada","15218060000","11782000","21663000","91347000","34772000","159563000","1.049","7","14","57","22","100"
"2013","2014","Orange","445319373000","489319000","283433000","2953576000","1006640000","4732967000","1.063","10","6","62","21","100"
"2013","2014","Placer","55512613000","39973000","101673000","386573000","77046000","605264000","1.09","7","17","64","13","100"
"2013","2014","Plumas","3645639000","223000","7738000","25502000","4308000","37771000","1.036","1","20","68","11","100"
"2013","2014","Riverside","210432962000","153274000","236679000","1108232000","939088000","2437273000","1.158","6","10","45","39","100"
"2013","2014","Sacramento","120909751000","134442000","219374000","758805000","260230000","1372852000","1.135","10","16","55","19","100"
"2013","2014","San Benito","5938077000","1121000","7466000","42954000","16843000","68384000","1.152","2","11","63","25","100"
"2013","2014","San Bernardino","171941052000","125581000","196155000","865895000","800532000","1988164000","1.156","6","10","44","40","100"
"2013","2014","San Diego","391533870000","514573000","546125000","2796290000","573568000","4430557000","1.132","12","12","63","13","100"
"2013","2014","San Francisco","172489208000","1199836000","","627149000","221960000","2048945000","1.188","59","","31","11","100"
"2013","2014","San Joaquin","55426722000","56292000","118398000","365278000","78185000","618153000","1.115","9","19","59","13","100"
"2013","2014","San Luis Obispo","42984581000","33418000","107970000","275269000","28718000","445374000","1.036","8","24","62","6","100"
"2013","2014","San Mateo","157559605000","172577000","198712000","1088089000","274540000","1733917000","1.1","10","11","63","16","100"
"2013","2014","Santa Barbara","65564639000","33434000","121033000","417764000","123190000","695420000","1.061","5","17","60","18","100"
"2013","2014","Santa Clara","335677921000","365784000","553988000","2522903000","590693000","4033367000","1.202","9","14","63","15","100"
"2013","2014","Santa Cruz","34123152000","18620000","43808000","220791000","94857000","378076000","1.108","5","12","58","25","100"
"2013","2014","Shasta","15009428000","9805000","18113000","106962000","27685000","162565000","1.083","6","11","66","17","100"
"2013","2014","Sierra","512500000","27000","2626000","1817000","655000","5125000","1","1","51","35","13","100"
"2013","2014","Siskiyou","4337952000","2609000","9396000","31829000","1821000","45655000","1.052","6","21","70","4","100"
"2013","2014","Solano","40619234000","57951000","75159000","224221000","116456000","473786000","1.166","12","16","47","25","100"
"2013","2014","Sonoma","67445404000","39565000","151544000","460667000","101490000","753265000","1.117","5","20","61","13","100"
"2013","2014","Stanislaus","35065216000","22204000","40341000","291633000","35977000","390155000","1.113","6","10","75","9","100"
"2013","2014","Sutter","7892170000","6931000","13290000","57379000","8726000","86326000","1.094","8","15","66","10","100"
"2013","2014","Tehama","4565792000","1862000","11543000","31835000","1586000","46826000","1.026","4","25","68","3","100"
"2013","2014","Trinity","1329306000","","3908000","9016000","617000","13541000","1.019","","29","67","5","100"
"2013","2014","Tulare","28312439000","16425000","55815000","189607000","52044000","313892000","1.109","5","18","60","17","100"
"2013","2014","Tuolumne","6077798000","512000","17859000","42241000","4306000","64918000","1.068","1","28","65","7","100"
"2013","2014","Ventura","108575415000","99329000","185220000","630343000","277117000","1192009000","1.098","8","16","53","23","100"
"2013","2014","Yolo","20977936000","34862000","20912000","125801000","42388000","223963000","1.068","16","9","56","19","100"
"2013","2014","Yuba","4673238000","1230000","9903000","36936000","4356000","52424000","1.122","2","19","70","8","100"
"2012","2013","Alameda","197637937000","449877000","316743000","1081805000","550402000","2398828000","1.214","19","13","45","23","100"
"2012","2013","Alpine","694169000","","4306000","1818000","819000","6943000","1","","62","26","12","100"
"2012","2013","Amador","4358881000","1841000","14095000","27549000","866000","44351000","1.017","4","32","62","2","100"
"2012","2013","Butte","18242710000","9465000","20664000","114668000","47111000","191908000","1.052","5","11","60","25","100"
"2012","2013","Calaveras","5544612000","469000","11340000","41948000","7889000","61645000","1.112","1","18","68","13","100"
"2012","2013","Colusa","3410600000","1586000","13331000","18850000","2164000","35931000","1.054","4","37","52","6","100"
"2012","2013","Contra Costa","143392140000","133887000","189639000","862614000","445864000","1632004000","1.138","8","12","53","27","100"
"2012","2013","Del Norte","1742514000","138000","3217000","11807000","2908000","18069000","1.037","1","18","65","16","100"
"2012","2013","El Dorado","25215329000","6253000","59143000","137926000","66834000","270156000","1.071","2","22","51","25","100"
"2012","2013","Fresno","60719514000","77498000","86927000","454699000","89078000","708202000","1.166","11","12","64","13","100"
"2012","2013","Glenn","2583688000","1526000","5455000","19003000","1154000","27137000","1.05","6","20","70","4","100"
"2012","2013","Humboldt","11447680000","2917000","20799000","78353000","17383000","119452000","1.043","2","17","66","15","100"
"2012","2013","Imperial","8865809000","7305000","12714000","58271000","21851000","100141000","1.13","7","13","58","22","100"
"2012","2013","Inyo","4013720000","486000","11953000","25931000","4025000","42395000","1.056","1","28","61","9","100"
"2012","2013","Kern","86222855000","42403000","263333000","579400000","106211000","991347000","1.15","4","27","58","11","100"
"2012","2013","Kings","9194215000","5807000","16350000","53525000","18644000","94326000","1.026","6","17","57","20","100"
"2012","2013","Lake","6748604000","1017000","15327000","41567000","14954000","72865000","1.08","1","21","57","21","100"
"2012","2013","Lassen","2130957000","874000","4286000","15616000","1105000","21880000","1.027","4","20","71","5","100"
"2012","2013","Los Angeles","1090739155000","1939321000","2626860000","6241022000","2261462000","13068665000","1.198","15","20","48","17","100"
"2012","2013","Madera","10491218000","3063000","16674000","81470000","5281000","106488000","1.015","3","16","77","5","100"
"2012","2013","Marin","56658990000","66906000","100682000","377216000","78218000","623022000","1.1","11","16","61","13","100"
"2012","2013","Mariposa","2052028000","","5239000","14293000","1119000","20650000","1.006","","25","69","5","100"
"2012","2013","Mendocino","9795161000","1888000","27359000","69938000","10817000","110003000","1.123","2","25","64","10","100"
"2012","2013","Merced","16478965000","9410000","38504000","116104000","17133000","181150000","1.099","5","21","64","9","100"
"2012","2013","Modoc","1000700000","329000","2724000","6656000","572000","10280000","1.027","3","26","65","6","100"
"2012","2013","Mono","5397264000","2319000","17144000","26842000","14361000","60666000","1.124","4","28","44","24","100"
"2012","2013","Monterey","49494823000","31521000","79524000","343638000","82273000","536956000","1.085","6","15","64","15","100"
"2012","2013","Napa","27958535000","26173000","62477000","204393000","11819000","304863000","1.09","9","20","67","4","100"
"2012","2013","Nevada","15018566000","11600000","21383000","90910000","34282000","158175000","1.053","7","14","57","22","100"
"2012","2013","Orange","429991395000","471994000","271959000","2845371000","974412000","4563736000","1.061","10","6","62","21","100"
"2012","2013","Placer","52336885000","36787000","94903000","363295000","73998000","568983000","1.087","6","17","64","13","100"
"2012","2013","Plumas","3648791000","234000","7693000","25554000","4340000","37821000","1.037","1","20","68","11","100"
"2012","2013","Riverside","202267504000","146775000","193405000","1048939000","830069000","2219188000","1.097","7","9","47","37","100"
"2012","2013","Sacramento","115515434000","129044000","209020000","701922000","250412000","1290398000","1.117","10","16","54","19","100"
"2012","2013","San Benito","5584806000","1054000","6138000","40499000","16807000","64499000","1.155","2","10","63","26","100"
"2012","2013","San Bernardino","166776638000","121830000","189481000","824242000","779954000","1915508000","1.149","6","10","43","41","100"
"2012","2013","San Diego","378549158000","497277000","528065000","2597318000","571657000","4194316000","1.108","12","13","62","14","100"
"2012","2013","San Francisco","165043120000","","1145884000","600105000","185438000","1931428000","1.17","","59","31","10","100"
"2012","2013","San Joaquin","52751468000","53623000","108370000","348439000","73427000","583859000","1.107","9","19","60","13","100"
"2012","2013","San Luis Obispo","41723691000","31868000","97667000","267308000","28403000","425246000","1.019","7","23","63","7","100"
"2012","2013","San Mateo","148701829000","160784000","189241000","1023368000","260805000","1634197000","1.099","10","12","63","16","100"
"2012","2013","Santa Barbara","62997084000","32316000","117094000","397443000","117958000","664811000","1.055","5","18","60","18","100"
"2012","2013","Santa Clara","309793254000","340891000","515945000","2327145000","543585000","3727565000","1.203","9","14","62","15","100"
"2012","2013","Santa Cruz","32849679000","18027000","40527000","209712000","91199000","359465000","1.094","5","11","58","25","100"
"2012","2013","Shasta","14494009000","9325000","17526000","103263000","27161000","157275000","1.085","6","11","66","17","100"
"2012","2013","Sierra","543052000","34000","2657000","1749000","731000","5169000","0.952","1","51","34","14","100"
"2012","2013","Siskiyou","4283156000","2585000","9101000","31417000","1807000","44910000","1.049","6","20","70","4","100"
"2012","2013","Solano","38827757000","55422000","68210000","204987000","117348000","445967000","1.149","12","15","46","26","100"
"2012","2013","Sonoma","65302737000","38493000","146840000","447610000","96966000","729910000","1.118","5","20","61","13","100"
"2012","2013","Stanislaus","33386569000","21398000","38023000","279271000","34426000","373118000","1.118","6","10","75","9","100"
"2012","2013","Sutter","7813615000","6844000","13115000","56256000","8963000","85178000","1.09","8","15","66","11","100"
"2012","2013","Tehama","4437949000","1820000","11216000","30811000","1547000","45395000","1.023","4","25","68","3","100"
"2012","2013","Trinity","1275200000","","3796000","8638000","593000","13027000","1.022","","29","66","5","100"
"2012","2013","Tulare","27443004000","14918000","47503000","183796000","51281000","297498000","1.084","5","16","62","17","100"
"2012","2013","Tuolumne","6001064000","483000","17588000","41107000","4464000","63642000","1.061","1","28","65","7","100"
"2012","2013","Ventura","105066947000","95941000","178665000","605884000","267363000","1147853000","1.092","8","16","53","23","100"
"2012","2013","Yolo","20132577000","33481000","19060000","120498000","40784000","213822000","1.062","16","9","56","19","100"
"2012","2013","Yuba","4567571000","1277000","9696000","35764000","4336000","51073000","1.118","2","19","70","8","100"
