county_id,county_name,cnty_txbl_val,cnty_calculated_levy,schl_txbl_val,schl_calculated_levy,city_txbl_val,city_calculated_levy,spec_txbl_val,spec_calculated_levy,tot_txbl_val,tot_calculated_levy,avg_eff_prop_tax_rate,avg_eff_prop_tax_rate_pct
001,Anderson,4621207128.0,22891719.203112,3467800051.0,35112158.0,1869353442.0,10922349.0,2494406737.0,1459567.0,4621207128.0,70385793.203112,0.015231040560082856,1.5231040560082856
002,Andrews,10050918646.0,36163234.653705,8943604517.0,81322404.0,1229173912.0,2218352.0,9290707938.0,29154242.0,10050918646.0,148858232.653705,0.014810410659621312,1.4810410659621311
003,Angelina,6862624791.0,30815998.634141,5114736474.0,48859162.0,3813038921.0,19913894.0,7493203796.0,12547135.0,7493203796.0,112136189.634141,0.014965052691346951,1.4965052691346952
004,Aransas,6570746119.0,24923852.385939,5385932916.0,41398685.0,3525464231.0,14703884.0,6900202784.0,3830455.0,6900202784.0,84856876.385939,0.012297736608944709,1.229773660894471
005,Archer,1360136053.0,7229395.169011,1003216979.0,10955308.0,383398100.0,1684382.0,96194891.0,428712.0,1360136053.0,20297797.169011,0.014923357942200654,1.4923357942200655
006,Armstrong,349672250.0,1630105.396878,325331421.0,2283190.0,95226320.0,594629.0,650980365.0,51612.0,650980365.0,4559536.396878,0.007004107407875505,0.7004107407875505
007,Atascosa,7132200740.0,34441278.752152,5945111430.0,60104440.0,1923716661.0,11023821.0,9290466048.0,2717627.0,9290466048.0,108287166.752152,0.011655730314569467,1.1655730314569468
008,Austin,5853552535.0,29488756.73378,4484180843.0,44042589.0,2362179473.0,8183375.0,5753753398.0,5501918.0,5853552535.0,87216638.73378,0.014899778931219586,1.4899778931219587
009,Bailey,530088896.0,4184681.0,454623189.0,4525434.0,197613339.0,1330122.0,1062326986.0,1089200.0,1062326986.0,11129437.0,0.010476470189189,1.0476470189189
010,Bandera,4262425351.0,22607885.339754,3056418552.0,23956403.0,187521891.0,1068760.0,4624461253.0,2666862.0,4624461253.0,50299910.339754,0.010876923297199912,1.0876923297199912
011,Bastrop,15814339238.0,67793762.285146,12128322868.0,131396596.0,3415482993.0,19055851.0,31229438476.0,82512283.0,31229438476.0,300758492.285146,0.009630608392663883,0.9630608392663883
012,Baylor,515956554.0,4886624.798938,516302867.0,3363498.0,140464196.0,578361.0,1350162393.0,1282513.0,1350162393.0,10110996.798937999,0.00748872643124937,0.748872643124937
013,Bee,3389095434.0,16156842.83633,2403062184.0,24653126.0,814361652.0,5555982.0,9798658448.0,6110459.0,9798658448.0,52476409.83633,0.005355468824106317,0.5355468824106318
014,Bell,40518242882.0,134399011.333518,31078884999.0,319136355.0,31337441670.0,205355876.0,100316848380.0,51752719.0,100316848380.0,710643961.333518,0.0070839940928128075,0.7083994092812808
015,Bexar,243661069450.0,732744082.498808,208197906906.0,2139165259.0,190102643366.0,992424697.0,860022832376.0,1219406383.0,860022832376.0,5083740421.498808,0.005911169134258761,0.5911169134258761
016,Blanco,3699514283.0,13881761.0,3217309840.0,27621735.0,771686410.0,2857284.0,8165706237.0,4747592.0,8165706237.0,49108372.0,0.006013977306394251,0.6013977306394251
017,Borden,890421019.0,4487722.0,1164343139.0,9416173.0,0.0,0.0,0.0,0.0,1164343139.0,13903895.0,0.011941406733363333,1.1941406733363333
018,Bosque,3768940059.0,12852086.0,2820288686.0,22120259.0,691192144.0,2541870.0,11473306388.0,4906402.0,11473306388.0,42420617.0,0.0036973314897585214,0.36973314897585213
019,Bowie,8591976906.0,36425428.0,6514656261.0,71220190.0,6165580345.0,32111947.0,11757088265.0,11426277.0,11757088265.0,151183842.0,0.012858952709410487,1.2858952709410487
020,Brazoria,60562227594.0,184568233.267427,46594184436.0,515256520.0,32458111598.0,185103982.0,185027919076.0,273702666.0,185027919076.0,1158631401.267427,0.00626192742724151,0.626192742724151
021,Brazos,33979811986.0,143754653.0,28696661922.0,276153162.0,27261093046.0,151757052.0,7642807306.0,11743529.0,33979811986.0,583408396.0,0.01716926498122973,1.716926498122973
022,Brewster,1479606709.0,5474648.0,1110729879.0,9917467.0,547700388.0,2326286.0,1451917816.0,989235.0,1479606709.0,18707636.0,0.012643654483456387,1.2643654483456386
023,Briscoe,254363057.0,1602487.0,332949498.0,3118825.0,40507114.0,285823.0,25107847.0,29878.0,332949498.0,5037013.0,0.015128459511898708,1.5128459511898709
024,Brooks,546530182.0,4923341.17572,497052048.0,6189789.0,102397761.0,497165.0,573982279.0,69360.0,573982279.0,11679655.175719999,0.020348459530960535,2.0348459530960534
025,Brown,4857397259.0,24035372.971651,3458487529.0,30976488.0,1875386058.0,12687804.0,0.0,0.0,4857397259.0,67699664.971651,0.013937436318640415,1.3937436318640415
026,Burleson,4680617252.0,20962143.939,3995330243.0,34972009.0,744822026.0,3524755.0,4857303921.0,2249346.0,4857303921.0,61708253.938999996,0.01270421924232729,1.270421924232729
027,Burnet,15112252693.0,50218015.23878,11423698945.0,100788819.0,6201906001.0,29574924.0,23800453657.0,8803442.0,23800453657.0,189385200.23878,0.007957209680458318,0.7957209680458318
028,Caldwell,6620834768.0,29072086.142357,5253056467.0,49051647.0,2839196876.0,13870422.0,21805588132.0,15672076.0,21805588132.0,107666231.14235699,0.00493755226828096,0.493755226828096
029,Calhoun,6320528186.0,39326326.0,4903533253.0,39251956.0,1108343974.0,8884261.0,12247365677.0,5588031.0,12247365677.0,93050574.0,0.007597599063670057,0.7597599063670057
030,Callahan,2263257407.0,19341950.405,1664547846.0,16127797.0,413041884.0,3226498.0,0.0,0.0,2263257407.0,38696245.405,0.01709758920276451,1.709758920276451
031,Cameron,35094390842.0,166402861.602521,27144267956.0,234157892.0,28200500021.0,152833308.0,85921198553.0,66167854.0,85921198553.0,619561915.602521,0.007210815561660813,0.7210815561660813
032,Camp,1584873122.0,6699845.0586,1185717513.0,13242940.0,400940864.0,2127216.0,1607420591.0,1768163.0,1607420591.0,23838164.0586,0.014830072597097893,1.4830072597097894
033,Carson,1170030186.0,6083773.668159,1101221104.0,10696192.0,295519005.0,2506671.0,2478362428.0,1266537.0,2478362428.0,20553173.668159,0.008293046019401243,0.8293046019401242
034,Cass,2928311636.0,13529062.844506,2339526252.0,18516643.0,822422008.0,4638504.0,1176183659.0,1097121.0,2928311636.0,37781330.844505996,0.012902086779300014,1.2902086779300013
035,Castro,879175691.0,4606001.273509,959230039.0,10141197.0,221229246.0,1063723.0,2110555011.0,2846900.0,2110555011.0,18657821.273509,0.008840244000400992,0.8840244000400992
036,Chambers,20723662857.0,96798571.651353,22243466032.0,251057483.0,7544637078.0,40761477.0,72825249793.0,76693361.0,72825249793.0,465310892.651353,0.006389417049360796,0.6389417049360796
037,Cherokee,5344965595.0,26190331.833,3780973023.0,38978788.0,1615179106.0,9525313.0,0.0,0.0,5344965595.0,74694432.833,0.01397472659185564,1.397472659185564
038,Childress,740245541.0,3960314.0,1056621245.0,6561897.0,325947790.0,2735817.0,2615979338.0,4393890.0,2615979338.0,17651918.0,0.006747728372157349,0.6747728372157349
039,Clay,1312568852.0,7577460.0,1016450760.0,10903664.0,296569839.0,1464946.0,222432480.0,104598.0,1312568852.0,20050668.0,0.01527589807532626,1.527589807532626
040,Cochran,382823988.0,3062592.0,361403445.0,2466457.0,39505317.0,188807.0,1474987353.0,3741790.0,1474987353.0,9459646.0,0.006413374311827065,0.6413374311827066
041,Coke,716398014.0,2916824.101712,687038384.0,8526546.0,89286282.0,348796.0,2974014064.0,2982979.0,2974014064.0,14775145.101712,0.004968081785679142,0.49680817856791415
042,Coleman,775560665.0,6169376.269378,608849577.0,4476529.0,261442943.0,1130569.0,806843149.0,2711727.0,806843149.0,14488201.269377999,0.017956651534235188,1.7956651534235188
043,Collin,270491502108.0,403960124.0,226910922787.0,2496323930.0,244155855587.0,1101274363.0,252738270697.0,273856345.0,270491502108.0,4275414762.0,0.015806096415897537,1.5806096415897537
044,Collingsworth,288074619.0,2354956.048351,228088106.0,1562192.0,95956485.0,303569.0,581740878.0,1448455.0,581740878.0,5669172.048351,0.00974518426114625,0.9745184261146249
045,Colorado,3910713404.0,18181610.05394,3299569931.0,26320245.0,950624745.0,3224218.0,5273262294.0,3680259.0,5273262294.0,51406332.05394,0.00974848759418452,0.974848759418452
046,Comal,40565758616.0,123730042.654415,33521517150.0,357481775.0,18878278281.0,72562816.0,55923184664.0,57353754.0,55923184664.0,611128387.654415,0.01092799688226309,1.092799688226309
047,Comanche,1828692757.0,9346266.263035,1412222279.0,13256856.0,510102018.0,2635593.0,3725930116.0,3298664.0,3725930116.0,28537379.263035,0.007659128962319754,0.7659128962319753
048,Concho,669096350.0,3697191.881054,726590012.0,7365058.0,90083153.0,513838.0,2061667522.0,1024325.0,2061667522.0,12600412.881053999,0.006111757956409229,0.611175795640923
049,Cooke,7858052845.0,26363767.0,5944666355.0,54797772.0,2731796570.0,14262946.0,16685729750.0,16307787.0,16685729750.0,111732272.0,0.006696277218561568,0.6696277218561568
050,Coryell,4975849129.0,28152857.0,3352922036.0,27623996.0,3130197353.0,20468890.0,7616763409.0,2811731.0,7616763409.0,79057474.0,0.010379405234851506,1.0379405234851506
051,Cottle,183184043.0,1581977.678307,167125043.0,1129064.0,39246410.0,287912.0,188791743.0,18879.0,188791743.0,3017832.678307,0.01598498234272354,1.598498234272354
052,Crane,2387054732.0,19405060.070977,2492811228.0,21304154.0,136945609.0,509164.0,7666416160.0,8954134.0,7666416160.0,50172512.070977,0.006544454543539547,0.6544454543539546
053,Crockett,2430939195.0,21392338.0,2260313835.0,28434412.0,0.0,0.0,2869429285.0,426598.0,2869429285.0,50253348.0,0.017513359978132376,1.7513359978132377
054,Crosby,438818373.0,3010499.00415,422606400.0,3468800.0,161943417.0,1245178.0,934908872.0,717778.0,934908872.0,8442255.00415,0.009030029831773806,0.9030029831773806
055,Culberson,5292801273.0,0.0,5193108023.0,50704827.0,92673526.0,0.0,6376405593.0,0.0,6376405593.0,50704827.0,0.00795194506692981,0.7951945066929811
056,Dallam,1529460460.0,4730162.0,1399035037.0,13065149.0,452694807.0,2097878.0,4187220392.0,4131856.0,4187220392.0,24025045.0,0.005737707297638705,0.5737707297638706
057,Dallas,449321448461.0,968287721.0,405975094498.0,4151964438.0,457633589778.0,2904990578.0,930474199788.0,1516364392.0,930474199788.0,9541607129.0,0.010254563889223332,1.0254563889223332
058,Dawson,1481030340.0,14718632.344,1416191797.0,12776105.0,410046251.0,2892518.0,3170595430.0,4850086.0,3170595430.0,35237341.344,0.011113793015212918,1.1113793015212918
059,Deaf Smith,2534539417.0,14100403.0,2149591754.0,17864322.0,990405714.0,2890004.0,7220337971.0,8949749.0,7220337971.0,43804478.0,0.006066818225952542,0.6066818225952542
060,Delta,594278016.0,3530587.769853,451643359.0,4771874.0,148446066.0,879127.0,1988051700.0,3584576.0,1988051700.0,12766164.769853,0.006421445060937298,0.6421445060937299
061,Denton,207109512490.0,385095285.0,168602760099.0,1903601883.0,168542521767.0,824496119.0,54374573901.0,170992509.0,207109512490.0,3284185796.0,0.015857242656387268,1.5857242656387267
062,Dewitt,9910568907.0,38238797.00074,9268358875.0,72776122.0,902352415.0,2806551.0,15894518289.0,9360759.0,15894518289.0,123182229.00073999,0.007749981896965685,0.7749981896965685
063,Dickens,339066190.0,2882062.285,486349209.0,4000496.0,44580260.0,434938.0,19349830.0,7272.0,486349209.0,7324768.285,0.015060717997384468,1.5060717997384467
064,Dimmit,7349461140.0,20578491.0,7249326730.0,61636561.0,301534676.0,2172061.0,15167473478.0,8613933.0,15167473478.0,93001046.0,0.00613161091957045,0.613161091957045
065,Donley,405127417.0,2264122.947233,377211840.0,2812879.0,124904866.0,635383.0,1229649192.0,2374248.0,1229649192.0,8086632.947233,0.006576373977101755,0.6576373977101755
066,Duval,1351171733.0,11635886.796345,1257209688.0,13031623.0,205660002.0,687224.0,4218152936.0,1561612.0,4218152936.0,26916345.796345,0.006381073945097234,0.6381073945097234
067,Eastland,3018859110.0,10264121.0,2541332764.0,18160890.0,849178356.0,4634148.0,2377041770.0,4171768.0,3018859110.0,37230927.0,0.012332780578156892,1.2332780578156892
068,Ector,22170131745.0,97315793.0,18515484791.0,186275111.0,11428800885.0,53746615.0,59002943137.0,98017850.0,59002943137.0,435355369.0,0.0073785364907838664,0.7378536490783867
069,Edwards,964811604.0,6671006.325653,915788477.0,7558343.0,51507806.0,299789.0,966630600.0,164327.0,966630600.0,14693465.325653,0.01520070368727516,1.5200703687275159
070,Ellis,39038837137.0,106964642.673273,30977185638.0,346274222.0,26896953772.0,168670712.0,11886665970.0,14385109.0,39038837137.0,636294685.673273,0.016299017397477994,1.6299017397477993
071,El Paso,73865986628.0,338962887.0,49876557623.0,529710084.0,62621129476.0,467910444.0,180007451868.0,334501983.0,180007451868.0,1671085398.0,0.009283423439744105,0.9283423439744105
072,Erath,6676396369.0,25557812.490665,4956378061.0,42772832.0,2414595824.0,10426025.0,6896231146.0,1866695.0,6896231146.0,80623364.490665,0.01169093129040907,1.169093129040907
073,Falls,1579864108.0,12073805.787689,1278611102.0,18257108.0,412911092.0,2874444.0,2697464554.0,2662009.0,2697464554.0,35867366.787689,0.013296696238140447,1.3296696238140446
074,Fannin,5374767543.0,18828401.92924,4051373402.0,40032524.0,1633774821.0,8944145.0,19556345.0,195563.0,5374767543.0,68000633.92924,0.012651827894920368,1.2651827894920369
075,Fayette,6156362068.0,25231234.069445,4798455335.0,37354736.0,1416204141.0,2562759.0,8094769100.0,948130.0,8094769100.0,66096859.069445,0.008165379179184369,0.8165379179184369
076,Fisher,841736883.0,4666244.411902,802050168.0,8264437.0,79074210.0,412385.0,1842990856.0,2316945.0,1842990856.0,15660011.411902,0.008497064085217576,0.8497064085217576
077,Floyd,658450663.0,4688827.0,600781058.0,7254814.0,136026735.0,509683.0,1642479845.0,2500729.0,1642479845.0,14954053.0,0.009104557992308271,0.9104557992308271
078,Foard,277447240.0,2302811.86,306963545.0,3008670.0,64227354.0,685258.0,750612310.0,978766.0,750612310.0,6975505.859999999,0.009293087479473924,0.9293087479473925
079,Fort Bend,129103312532.0,1168424410.97624,113660687485.0,1243897160.0,52248191131.0,214819041.0,361569878033.0,361407496.0,361569878033.0,2988548107.97624,0.00826547865169089,0.8265478651690891
080,Franklin,2485267902.0,9042895.588025,2187955429.0,20030272.0,295891976.0,1708962.0,2673346502.0,336521.0,2673346502.0,31118650.588025,0.011640335648500607,1.1640335648500608
081,Freestone,3834204877.0,12787073.0,3335192022.0,29020417.0,648002792.0,2783176.0,3100092068.0,3329587.0,3834204877.0,47920253.0,0.01249809400834477,1.2498094008344771
082,Frio,2927014641.0,12966675.0,2796440783.0,26775867.0,588979055.0,5035459.0,10194889083.0,1165370.0,10194889083.0,45943371.0,0.004506510137183412,0.4506510137183412
083,Gaines,4745605900.0,24846033.915608,4429011800.0,35984181.0,688509523.0,4016276.0,14286326660.0,24444203.0,14286326660.0,89290693.915608,0.006250080656885106,0.6250080656885106
084,Galveston,54667184877.0,176389139.0,46172466033.0,461391326.0,48859960251.0,199532835.0,81814994878.0,113456947.0,81814994878.0,950770247.0,0.01162097789552831,1.162097789552831
085,Garza,606138890.0,4813349.0,523447000.0,5810538.0,158020262.0,1104562.0,601038438.0,691194.0,606138890.0,12419643.0,0.020489764317877707,2.0489764317877706
086,Gillespie,10538012465.0,28294563.0,8378751405.0,64060458.0,4339829291.0,9869944.0,21176653832.0,1091054.0,21176653832.0,103316019.0,0.004878769791470991,0.4878769791470991
087,Glasscock,9060666129.0,13590999.0,8947594652.0,69098603.0,0.0,0.0,9256232909.0,351737.0,9256232909.0,83041339.0,0.008971396875640135,0.8971396875640134
088,Goliad,1376460917.0,10708081.351537,1221368854.0,16519741.0,114936529.0,1722211.0,3906909036.0,621755.0,3906909036.0,29571788.351537,0.007569100810653479,0.7569100810653479
089,Gonzales,7250657641.0,19497018.0,6699042728.0,61822233.0,946803484.0,2984091.0,25991447381.0,24090675.0,25991447381.0,108394017.0,0.004170372484882742,0.41703724848827417
090,Gray,1817407551.0,10559683.0,1488901088.0,16859593.0,907027890.0,6562310.0,3802173582.0,4824863.0,3802173582.0,38806449.0,0.010206385416940179,1.0206385416940178
091,Grayson,22991701147.0,70147680.0,19250625847.0,241669451.0,15046521297.0,84916318.0,29617849891.0,42163475.0,29617849891.0,438896924.0,0.014818662584057729,1.481866258405773
092,Gregg,14676876250.0,44666284.260388,12028597052.0,134393507.0,12116931892.0,69157707.0,6886708595.0,9331222.0,14676876250.0,257548720.26038802,0.01754792476773714,1.754792476773714
093,Grimes,6432686051.0,27215215.0,4782918212.0,45122810.0,954729669.0,4529153.0,1165967052.0,181121.0,6432686051.0,77048299.0,0.011977624648419205,1.1977624648419205
094,Guadalupe,24628565191.0,81372778.89932,18145032308.0,197829961.0,15997168714.0,77219572.0,2384549529.0,7127429.0,24628565191.0,363549740.89932,0.014761304123074605,1.4761304123074606
095,Hale,2690996665.0,18831030.0,2201617609.0,28674925.0,1522083778.0,10866042.0,3287526242.0,96982.0,3287526242.0,58468979.0,0.01778509879344105,1.7785098793441052
096,Hall,336193366.0,2689517.0,287668268.0,2325284.0,127147277.0,470174.0,672367952.0,656745.0,672367952.0,6141720.0,0.009134462732393885,0.9134462732393884
097,Hamilton,1381321138.0,7026118.0,1094816956.0,10000751.0,419848588.0,3849403.0,1449343892.0,11171737.0,1449343892.0,32048009.0,0.022112080629653627,2.2112080629653628
098,Hansford,691832478.0,3143839.226309,666473760.0,10029652.0,245689606.0,999668.0,3164748514.0,4035479.0,3164748514.0,18208638.226309,0.00575358141279121,0.575358141279121
099,Hardeman,468824225.0,3229261.0,478123164.0,3645350.0,126997586.0,911794.0,1254889990.0,2142045.0,1254889990.0,9928450.0,0.00791180906622739,0.7911809066227391
100,Hardin,5368218174.0,25773137.838455,3928601119.0,40083469.0,860763818.0,2736106.0,8121407718.0,18852948.0,8121407718.0,87445660.83845499,0.010767303388135967,1.0767303388135967
101,Harris,692472657559.0,2638043836.0,614942243275.0,6177276370.0,424617954467.0,2150686750.0,4047313153769.0,4058064011.0,4047313153769.0,15024070967.0,0.0037121098358818758,0.3712109835881876
102,Harrison,10355920970.0,35500097.0,8826640007.0,76646620.0,2805194606.0,14161634.0,7268697579.0,6621499.0,10355920970.0,132929850.0,0.012836120552202322,1.2836120552202321
103,Hartley,1044138417.0,4232332.0,864943935.0,7678608.0,303339758.0,1301172.0,2983957661.0,2941157.0,2983957661.0,16153269.0,0.005413370709350692,0.5413370709350692
104,Haskell,817535585.0,4591898.298236,896938355.0,10291974.0,237841547.0,1147230.0,2523356424.0,2311688.0,2523356424.0,18342790.298236,0.007269203083549802,0.7269203083549802
105,Hays,52472452099.0,209837335.594174,42241597147.0,463409459.0,24387666908.0,129434027.0,142734874691.0,158980678.0,142734874691.0,961661499.594174,0.00673739688128798,0.673739688128798
106,Hemphill,1163661198.0,6167404.0,1089098425.0,9957623.0,131960490.0,1116887.0,2333910656.0,6924821.0,2333910656.0,24166735.0,0.010354610163791977,1.0354610163791977
107,Henderson,14261092510.0,47473432.132107,10582983940.0,102213639.0,3655935312.0,15301333.0,24845045794.0,29793324.0,24845045794.0,194781728.132107,0.00783986190837073,0.7839861908370729
108,Hidalgo,64867610962.0,372988763.0,47803964474.0,464936453.0,51411624065.0,235765288.0,152325098804.0,196175769.0,152325098804.0,1269866273.0,0.008336553089218504,0.8336553089218504
109,Hill,5634483359.0,25504548.165661,4252505285.0,44849045.0,1509434035.0,10375447.0,13916811384.0,6669254.0,13916811384.0,87398294.165661,0.006280051640718637,0.6280051640718637
110,Hockley,3463847892.0,17316399.0,3058261392.0,28721403.0,1100419261.0,6215107.0,6429668994.0,11646174.0,6429668994.0,63899083.0,0.009938160589546517,0.9938160589546517
111,Hood,12471597061.0,35390079.974535,9738027087.0,90688651.0,3155672874.0,13264474.0,16140866.0,161409.0,12471597061.0,139504613.974535,0.011185785853423749,1.1185785853423749
112,Hopkins,5098424374.0,17144987.886606,3170803555.0,32643015.0,1772445806.0,7796520.0,4748609295.0,6458109.0,5098424374.0,64042631.886606,0.012561259555638159,1.2561259555638158
113,Houston,2576928271.0,10900407.0,2163014727.0,18417737.0,614083922.0,3510224.0,5092551424.0,3574608.0,5092551424.0,36402976.0,0.007148278528605782,0.7148278528605782
114,Howard,8643203173.0,26077495.0,7999040585.0,66327485.0,1519548719.0,9901472.0,15346682836.0,18836025.0,15346682836.0,121142477.0,0.007893723894249378,0.7893723894249378
115,Hudspeth,703910921.0,3958591.0,668115495.0,5750060.0,12485494.0,73683.0,796653201.0,927635.0,796653201.0,10709969.0,0.013443702964547556,1.3443702964547557
116,Hunt,16036017034.0,53438584.0,12074697554.0,126464811.0,6745536033.0,38325765.0,17276096303.0,41594623.0,17276096303.0,259823783.0,0.01503949610160957,1.5039496101609569
117,Hutchinson,3149118713.0,15745594.0,2806996188.0,28566419.0,799291630.0,3348790.0,4960369250.0,6470876.0,4960369250.0,54131679.0,0.010912832547697936,1.0912832547697937
118,Irion,2224875290.0,12675626.228132,2140971847.0,18874844.0,39941180.0,340307.0,2338332960.0,206568.0,2338332960.0,32097345.228132002,0.013726593165813308,1.3726593165813308
119,Jack,1756533272.0,7714799.872936,1520398947.0,16045296.0,270578876.0,1890067.0,3474648924.0,5342926.0,3474648924.0,30993088.872936,0.008919775652400846,0.8919775652400846
120,Jackson,3779461637.0,16421825.588388,2827746252.0,27417783.0,463754452.0,1335811.0,10908795035.0,10060246.0,10908795035.0,55235665.588387996,0.005063406674263176,0.5063406674263176
121,Jasper,3590358124.0,20504535.256656,2750062732.0,25975298.0,665576490.0,1982968.0,3570326030.0,1376406.0,3590358124.0,49839207.256656,0.013881402783611566,1.3881402783611565
122,Jeff Davis,424951204.0,5836705.0,331148759.0,2369454.0,0.0,0.0,0.0,0.0,424951204.0,8206159.0,0.019310826567278064,1.9310826567278065
123,Jefferson,34653126311.0,123711661.0,29146241826.0,314917005.0,20250890871.0,127375715.0,91517840653.0,134363598.0,91517840653.0,700367979.0,0.007652802710408373,0.7652802710408373
124,Jim Hogg,407453010.0,4842864.160957,392589211.0,3911366.0,0.0,0.0,1098203900.0,2061809.0,1098203900.0,10816039.160957001,0.009848844245551306,0.9848844245551306
125,Jim Wells,2861157021.0,21968417.785682,2256979963.0,25177309.0,1113292354.0,6728328.0,3544569722.0,1935796.0,3544569722.0,55809850.785682,0.015745169417683696,1.5745169417683695
126,Johnson,26773224435.0,104223430.642,19786166257.0,239631802.0,15822388821.0,102632124.0,31771288527.0,16410383.0,31771288527.0,462897739.642,0.014569687321577105,1.4569687321577105
127,Jones,1383390145.0,7419025.0,929072577.0,9394516.0,471969604.0,4160540.0,1090789653.0,3846711.0,1383390145.0,24820792.0,0.017942004350479164,1.7942004350479164
128,Karnes,10437039649.0,25159319.288606,10273514134.0,86979804.0,502811171.0,2524333.0,46434749464.0,11664624.0,46434749464.0,126328080.288606,0.0027205504874435863,0.27205504874435865
129,Kaufman,28398913870.0,117887583.199075,21873113762.0,262673380.0,13110650237.0,69612230.0,37719849507.0,93206712.0,37719849507.0,543379905.199075,0.01440567532217315,1.440567532217315
130,Kendall,12408104853.0,46778555.0,9380732510.0,93585446.0,4531245953.0,20203650.0,12999305682.0,8557970.0,12999305682.0,169125621.0,0.013010358025058712,1.3010358025058713
131,Kenedy,715761104.0,5726089.0,854664295.0,7908833.0,0.0,0.0,1911476568.0,1033889.0,1911476568.0,14668811.0,0.007674073146158494,0.7674073146158494
132,Kent,478348737.0,4265436.1055,527384504.0,4419277.0,15608993.0,147934.0,0.0,0.0,527384504.0,8832647.1055,0.016748021677747284,1.6748021677747285
133,Kerr,9239399106.0,37179713.57652,6441634333.0,52340153.0,3945888679.0,22224115.0,21569076744.0,2833970.0,21569076744.0,114577951.57652,0.0053121398257527565,0.5312139825752756
134,Kimble,1171729178.0,5114387.0,1002367977.0,6643977.0,211274319.0,755200.0,2343458356.0,3738927.0,2343458356.0,16252491.0,0.006935259147400015,0.6935259147400015
135,King,205014520.0,1916270.54684,204139740.0,1638925.0,0.0,0.0,205354080.0,20535.0,205354080.0,3575730.54684,0.017412512801498758,1.7412512801498758
136,Kinney,1187145179.0,5546342.664177,1025583710.0,6839618.0,59214148.0,290576.0,1343482482.0,809831.0,1343482482.0,13486367.664177,0.010038365103280149,1.003836510328015
137,Kleberg,2362537394.0,18235717.0,1817310070.0,20681060.0,1316862272.0,10128674.0,2202291782.0,1151934.0,2362537394.0,50197385.0,0.021247234066001836,2.1247234066001837
138,Knox,367094759.0,2191298.996458,430412528.0,5625396.0,90044420.0,834161.0,1440822324.0,2368914.0,1440822324.0,11019769.996458,0.0076482504559375495,0.764825045593755
139,Lamar,6282848557.0,19244365.0,5337953058.0,52530733.0,3450993616.0,16035300.0,7809796271.0,5179769.0,7809796271.0,92990167.0,0.011906862070819825,1.1906862070819824
140,Lamb,1519427694.0,11547650.0,1209715994.0,11364612.0,407455771.0,2990947.0,1578418470.0,46563.0,1578418470.0,25949772.0,0.01644036261182372,1.644036261182372
141,Lampasas,2780551809.0,15014980.0,1996758140.0,19591816.0,1098597700.0,4387589.0,0.0,0.0,2780551809.0,38994385.0,0.014023973541433121,1.4023973541433121
142,La Salle,9162773440.0,41210673.0,9108667232.0,74752970.0,259639682.0,1891741.0,9169781881.0,389441.0,9169781881.0,118244825.0,0.012895053179509756,1.2895053179509757
143,Lavaca,4440904308.0,24411943.106954,3561768173.0,31118959.0,873482202.0,2939785.0,3498764659.0,3914241.0,4440904308.0,62384928.106954,0.014047798326699276,1.4047798326699275
144,Lee,3274773485.0,16393515.84409,2545988506.0,21387503.0,680386835.0,4025521.0,161420157.0,87331.0,3274773485.0,41893870.84409,0.012792906451693101,1.27929064516931
145,Leon,3301644809.0,13843665.0,2636454029.0,24985790.0,389549063.0,1484540.0,3300433239.0,3186159.0,3301644809.0,43500154.0,0.013175297924665402,1.3175297924665403
146,Liberty,14146230897.0,67901908.0,11384915812.0,109919457.0,3729754653.0,22474983.0,14239970309.0,17768725.0,14239970309.0,218065073.0,0.015313590426672286,1.5313590426672286
147,Limestone,2918524618.0,16343776.082685,2558165572.0,27118419.0,833594239.0,4496821.0,2554261469.0,4528036.0,2918524618.0,52487052.082685,0.017984104625662953,1.7984104625662953
148,Lipscomb,492792011.0,4989485.84618,442074955.0,4769812.0,88806833.0,665704.0,958334717.0,2165164.0,958334717.0,12590165.84618,0.013137545392900548,1.3137545392900547
149,Live Oak,4917227791.0,30228279.4472,4648814330.0,36065736.0,451936157.0,3748416.0,9843619332.0,2414263.0,9843619332.0,72456694.4472,0.007360777779333168,0.7360777779333169
150,Llano,9207888488.0,23897233.0,7892998946.0,62345216.0,5070265763.0,13179784.0,8988161979.0,7117986.0,9207888488.0,106540219.0,0.01157053749498014,1.157053749498014
151,Loving,19823538068.0,94134053.198458,19570260808.0,156141926.0,0.0,0.0,24698450.0,267079.0,19823538068.0,250543058.19845802,0.012638665072754863,1.2638665072754862
152,Lubbock,36691862567.0,120138331.0,27273979143.0,282342865.0,31655350427.0,154763118.0,73426357908.0,37671394.0,73426357908.0,594915708.0,0.008102209137833083,0.8102209137833083
153,Lynn,842977987.0,5499293.62206,707176094.0,8478448.0,208879115.0,1433503.0,2022273722.0,2031458.0,2022273722.0,17442702.62206,0.008625292625970244,0.8625292625970244
154,Madison,1810247338.0,9051237.0,1423660225.0,12712773.0,354081229.0,2428106.0,0.0,0.0,1810247338.0,24192116.0,0.013363983745297462,1.3363983745297463
155,Marion,1036182313.0,5552675.34562,797079011.0,5845354.0,273921958.0,1126608.0,1120171273.0,434951.0,1120171273.0,12959588.345619999,0.011569291819912614,1.1569291819912615
156,Martin,27585937487.0,54537398.123154,27183912271.0,210573692.0,403353047.0,2435955.0,56461415803.0,36293238.0,56461415803.0,303840283.123154,0.005381379102913141,0.5381379102913141
157,Mason,826493835.0,5311876.0,625555623.0,4682820.0,269432104.0,448691.0,844562732.0,246072.0,844562732.0,10689459.0,0.012656796937613393,1.2656796937613393
158,Matagorda,10384808522.0,34945919.0,9703006672.0,89266556.0,1689572589.0,9536688.0,55321688407.0,35255367.0,55321688407.0,169004530.0,0.00305494164886362,0.305494164886362
159,Maverick,4995885640.0,18900085.0,3778288642.0,31175415.0,2497180351.0,11987764.0,4983007964.0,6029440.0,4995885640.0,68092704.0,0.01362975634486301,1.3629756344863009
160,McCulloch,1152373860.0,7031669.949321,949855848.0,8412232.0,330604910.0,1118251.0,2303356620.0,1209238.0,2303356620.0,17771390.949321,0.007715431815903957,0.7715431815903957
161,McLennan,30743444887.0,102930591.0,25840055506.0,258757053.0,26099327104.0,171427309.0,32864684347.0,42493786.0,32864684347.0,575608739.0,0.017514506846390675,1.7514506846390676
162,McMullen,4645634996.0,21369921.0,4630526795.0,36507073.0,0.0,0.0,4650566270.0,184627.0,4650566270.0,58061621.0,0.012484849721322216,1.2484849721322218
163,Medina,7663379819.0,33982148.58254,5757806872.0,60981442.0,1560898852.0,8064277.0,26158207678.0,18015827.0,26158207678.0,121043694.58254,0.004627369584053809,0.46273695840538087
164,Menard,343030470.0,2607957.952284,292448001.0,1947647.0,76329750.0,381588.0,992785610.0,4117032.0,992785610.0,9054224.952284,0.009120020335794352,0.9120020335794352
165,Midland,66575572430.0,80805435.0,60819319859.0,525343036.0,24626994286.0,87835442.0,136393597339.0,102284937.0,136393597339.0,796268850.0,0.005838022205843801,0.5838022205843801
166,Milam,3743853224.0,19138091.0,3199840341.0,35452725.0,1031140726.0,7151815.0,6103284930.0,4640258.0,6103284930.0,66382889.0,0.010876583636740027,1.0876583636740027
167,Mills,908866784.0,5508641.986464,749320015.0,6373429.0,8833780.0,11354.0,0.0,0.0,908866784.0,11893424.986464001,0.013085993674584549,1.3085993674584548
168,Mitchell,1260050967.0,5751515.1604,1136378212.0,11066319.0,215921365.0,1446413.0,2526647248.0,4070496.0,2526647248.0,22334743.1604,0.008839676048201565,0.8839676048201566
169,Montague,2893397461.0,14354145.0,2237402123.0,19583597.0,770387714.0,3707041.0,1143440532.0,1300531.0,2893397461.0,38945314.0,0.013460063653522368,1.3460063653522367
170,Montgomery,109225859474.0,411781490.0,94872770500.0,952899920.0,24390245025.0,100275471.0,389125981725.0,587533111.0,389125981725.0,2052489992.0,0.005274615647357414,0.5274615647357415
171,Moore,2932974847.0,14187877.240594,2470970206.0,26007276.0,1342172001.0,7119116.0,11526691694.0,9800714.0,11526691694.0,57114983.240594,0.0049550195977154585,0.4955019597715459
172,Morris,1182657101.0,4848894.469666,838857546.0,6712713.0,425683643.0,2160878.0,1164781831.0,1281260.0,1182657101.0,15003745.469666,0.012686471384630024,1.2686471384630023
173,Motley,201886885.0,1242836.0,186006023.0,1152662.0,30971347.0,165308.0,408122944.0,444586.0,408122944.0,3005392.0,0.00736393786280244,0.736393786280244
174,Nacogdoches,5696090029.0,24493187.0,4286066759.0,43908746.0,2615231929.0,14859075.0,7819990698.0,2875188.0,7819990698.0,86136196.0,0.011014871925874508,1.1014871925874508
175,Navarro,8528181255.0,35792776.28407,7022678030.0,69227966.0,3182330198.0,15463902.0,10111719370.0,9625423.0,10111719370.0,130110067.28407,0.012867254570977081,1.2867254570977082
176,Newton,1608450780.0,11205192.0,1339888568.0,12330292.0,79380896.0,107201.0,1368637159.0,566583.0,1608450780.0,24209268.0,0.015051295508091332,1.5051295508091331
177,Nolan,2884034200.0,11537319.467127,2552367595.0,23489973.0,823610607.0,4393495.0,6323782570.0,10842443.0,6323782570.0,50263230.467127,0.007948285683567865,0.7948285683567865
178,Nueces,47689719733.0,138199382.180782,41446194772.0,398735569.0,38178749095.0,205558212.0,114134615673.0,172815678.0,114134615673.0,915308841.180782,0.00801955511729392,0.8019555117293921
179,Ochiltree,1437866858.0,9589680.0,1287707284.0,13318977.0,510985184.0,2789253.0,4282389359.0,7267670.0,4282389359.0,32965580.0,0.007697940854144552,0.7697940854144553
180,Oldham,558038060.0,2622779.0,617460335.0,7693141.0,72680993.0,479917.0,467614669.0,54711.0,617460335.0,10850548.0,0.01757286644169621,1.757286644169621
181,Orange,8991834686.0,44316000.244668,7480911495.0,78886643.0,3624525330.0,24713676.0,25338328837.0,20700925.0,25338328837.0,168617244.244668,0.006654631618737485,0.6654631618737485
182,Palo Pinto,6712946883.0,18941116.804096,5543224635.0,46749541.0,1516763662.0,8158207.0,14017620927.0,24144392.0,14017620927.0,97993256.804096,0.006990719560360387,0.6990719560360387
183,Panola,4981649678.0,28639504.0,4458776339.0,40891607.0,635308571.0,3568143.0,15128864384.0,16862383.0,15128864384.0,89961637.0,0.005946357553124854,0.5946357553124855
184,Parker,30588257319.0,87197945.023013,22213415319.0,242330841.0,9973456909.0,43069177.0,85034186811.0,87015902.0,85034186811.0,459613865.023013,0.005405048043142543,0.5405048043142543
185,Parmer,1396937852.0,5272029.731572,1336339677.0,13538392.0,359822854.0,1925822.0,2901259859.0,3050268.0,2901259859.0,23786511.731572002,0.008198683636622156,0.8198683636622156
186,Pecos,5443962625.0,39174755.0,5818182421.0,62266695.0,592319313.0,1771627.0,20528917798.0,31670329.0,20528917798.0,134883406.0,0.006570409961558754,0.6570409961558754
187,Polk,5808316617.0,34768583.0,4764242376.0,45617448.0,458124196.0,1578932.0,624976145.0,2472004.0,5808316617.0,84436967.0,0.01453725279935097,1.453725279935097
188,Potter,12097962504.0,71407014.0,9821465104.0,89981838.0,9457086552.0,40614651.0,21871633588.0,22046903.0,21871633588.0,224050406.0,0.010243880737053247,1.0243880737053246
191,Randall,17972890261.0,72069493.0,12303582177.0,111769540.0,12789285838.0,55923903.0,28439076930.0,27098720.0,28439076930.0,266861656.0,0.009383625799699962,0.9383625799699962
189,Presidio,989033085.0,4706412.838281,911874958.0,7829297.0,573624169.0,3154816.0,2215912078.0,827893.0,2215912078.0,16518418.838281,0.007454455888516079,0.7454455888516078
190,Rains,1642878427.0,8613874.0,1116844089.0,8500382.0,345713301.0,1024031.0,1648843689.0,1250829.0,1648843689.0,19389116.0,0.011759220191308262,1.1759220191308262
192,Reagan,8113775189.0,1233293.828728,7667682979.0,68213516.0,151043312.0,1673114.0,23530598412.0,10373534.0,23530598412.0,81493457.828728,0.00346329729494548,0.346329729494548
193,Real,847606208.0,4492313.0,772605567.0,5255978.0,37327239.0,21276.0,2358489453.0,1787419.0,2358489453.0,11556986.0,0.004900164376524774,0.49001643765247743
194,Red River,912622902.0,6311517.537815,714128206.0,8082338.0,274383145.0,1509998.0,189435654.0,34733.0,912622902.0,15938586.537815,0.017464591895388355,1.7464591895388355
195,Reeves,32095722730.0,130781404.0,31526679224.0,321943995.0,1517863351.0,6549534.0,132603639086.0,99200538.0,132603639086.0,558475471.0,0.004211614966598323,0.42116149665983227
196,Refugio,1098936649.0,8791493.0,1065128599.0,11641055.0,282799002.0,2239001.0,4423470743.0,4724532.0,4423470743.0,27396081.0,0.006193345133649502,0.6193345133649503
197,Roberts,420326053.0,3423612.1378,397779673.0,4952101.0,23973857.0,195999.0,831759986.0,264217.0,831759986.0,8835929.1378,0.01062317169198375,1.062317169198375
198,Robertson,4478470134.0,29784066.0,3857527182.0,36724357.0,717583075.0,4135631.0,4478042011.0,3268971.0,4478470134.0,73913025.0,0.016504079024410884,1.6504079024410885
199,Rockwall,25298192727.0,63498464.0,19168000326.0,210520333.0,22776574048.0,71993493.0,1842479640.0,9171372.0,25298192727.0,355183662.0,0.014039882841944008,1.4039882841944007
200,Runnels,1192663551.0,9788404.462031,894093367.0,5443742.0,462960063.0,2544551.0,1970012688.0,3504694.0,1970012688.0,21281391.462031,0.010802667206999735,1.0802667206999734
201,Rusk,5206064592.0,28345775.60435,3972127846.0,37375581.0,1640495268.0,8443997.0,10582482545.0,6067524.0,10582482545.0,80232877.60435,0.007581668787373369,0.7581668787373369
202,Sabine,1398238855.0,4780327.0,1136231986.0,8522144.0,120255674.0,445502.0,1540438255.0,2537579.0,1540438255.0,16285552.0,0.010572025166954841,1.0572025166954842
203,San Augustine,1604625952.0,5166254.0,1423786014.0,14206804.0,115816304.0,413677.0,1604625952.0,1168745.0,1604625952.0,20955480.0,0.013059417351365385,1.3059417351365386
204,San Jacinto,3837768808.0,18532969.0,3101434929.0,24810262.0,163528657.0,268989.0,4453268447.0,6090100.0,4453268447.0,49702320.0,0.011160863215753946,1.1160863215753947
205,San Patricio,15991017681.0,65524954.227469,14103402491.0,196034117.0,7714105874.0,56683881.0,16351700595.0,9485859.0,16351700595.0,327728811.22746897,0.020042490952144845,2.0042490952144845
206,San Saba,1312896010.0,6564480.212,1139025887.0,8876693.0,278995440.0,979463.0,879849000.0,256353.0,1312896010.0,16676989.212000001,0.012702444888990104,1.2702444888990103
207,Schleicher,647275409.0,4506083.9078,497000502.0,3756827.0,68008025.0,533824.0,1326502136.0,4783380.0,1326502136.0,13580114.9078,0.010237537158251512,1.0237537158251513
208,Scurry,3378441201.0,21176069.0,3528180204.0,28096784.0,814796224.0,3521549.0,6761463868.0,19685071.0,6761463868.0,72479473.0,0.01071949424192353,1.0719494241923528
209,Shackelford,631702438.0,4398544.0,536305045.0,3955083.0,146641274.0,791095.0,631702438.0,1262773.0,631702438.0,10407495.0,0.01647531238434131,1.6475312384341312
210,Shelby,2074075402.0,13508453.578662,1642872412.0,15431881.0,525040131.0,2712069.0,0.0,0.0,2074075402.0,31652403.578662,0.015260970526018514,1.5260970526018514
211,Sherman,865194069.0,4371826.0,785086637.0,6765738.0,157148010.0,1156378.0,1648881058.0,2166927.0,1648881058.0,14460869.0,0.008770110451471995,0.8770110451471994
212,Smith,31952569753.0,116381164.0,23297957755.0,213439143.0,17440057596.0,49442293.0,39801971673.0,55646339.0,39801971673.0,434908939.0,0.010926818966986605,1.0926818966986604
213,Somervell,4955096903.0,16084245.0,4636081670.0,36610281.0,358665402.0,968397.0,9911601792.0,10467956.0,9911601792.0,64130879.0,0.006470284051540718,0.6470284051540718
214,Starr,3258604262.0,23331705.151872,2838640478.0,34700926.0,1358930676.0,7114693.0,11036500175.0,14639524.0,11036500175.0,79786848.15187201,0.007229361381482695,0.7229361381482695
215,Stephens,983307973.0,6371295.0,720461507.0,5440232.0,311821798.0,3208428.0,997454710.0,2176506.0,997454710.0,17196461.0,0.017240342671799105,1.7240342671799105
216,Sterling,894472831.0,6580574.0,905971875.0,7774031.0,41376435.0,276808.0,978970141.0,152602.0,978970141.0,14784015.0,0.01510159950833475,1.5101599508334749
217,Stonewall,246683289.0,2259650.7213,245709542.0,2743852.0,41890240.0,206770.0,250446139.0,1655449.0,250446139.0,6865721.7213,0.027413965129244818,2.741396512924482
218,Sutton,789359946.0,5439608.230284,683784160.0,6854936.0,158624868.0,1151417.0,1583913934.0,1754185.0,1583913934.0,15200146.230284,0.009596573338993051,0.9596573338993051
219,Swisher,554672380.0,3450062.38,502076782.0,6523499.0,217043899.0,811837.0,2028180966.0,1709465.0,2028180966.0,12494863.379999999,0.006160625501107281,0.6160625501107281
220,Tarrant,296611362778.0,552290357.0,264526599642.0,2849805247.0,291036758606.0,1675440979.0,761155331130.0,915935481.0,761155331130.0,5993472064.0,0.007874177344461582,0.7874177344461583
221,Taylor,15309828951.0,85398226.0,10832541008.0,108934467.0,11253799771.0,83212463.0,74290924.0,198681.0,15309828951.0,277743837.0,0.0181415375631521,1.8141537563152101
222,Terrell,225471650.0,1803773.0,200375154.0,2452993.0,0.0,0.0,218898075.0,32835.0,225471650.0,4289601.0,0.0190250126789776,1.90250126789776
223,Terry,937186936.0,7485940.0,740682216.0,9184136.0,371720431.0,1750842.0,1869310565.0,4402195.0,1869310565.0,22823113.0,0.012209374636471922,1.2209374636471921
224,Throckmorton,222604954.0,2224046.166174,309419306.0,5575375.0,52480230.0,305492.0,0.0,0.0,309419306.0,8104913.166174,0.0261939478533185,2.61939478533185
225,Titus,3551124964.0,13710893.0,2868262521.0,24619847.0,1803283469.0,6533198.0,7531367821.0,10850507.0,7531367821.0,55714445.0,0.007397652899736126,0.7397652899736126
226,Tom Green,11424429166.0,53780500.0,8462160770.0,89067017.0,8901498200.0,70740206.0,3088518775.0,528342.0,11424429166.0,214116065.0,0.018741948668842576,1.8741948668842576
227,Travis,329630217289.0,1238898690.0,302756846523.0,2922042856.0,263135800434.0,1412031531.0,828239823535.0,973716451.0,828239823535.0,6546689528.0,0.00790434043615309,0.790434043615309
228,Trinity,1507538871.0,8125635.0,1050584674.0,8169964.0,189241437.0,1344638.0,1267269353.0,2604051.0,1507538871.0,20244288.0,0.013428700506124462,1.3428700506124462
229,Tyler,1810018302.0,15619337.993,1373134863.0,14533555.0,265534061.0,1333955.0,3017562493.0,3991204.0,3017562493.0,35478051.993,0.011757188815575591,1.1757188815575592
230,Upshur,3762521271.0,19339359.0,2779512191.0,27542867.0,953711419.0,4630059.0,3699310448.0,3194365.0,3762521271.0,54706650.0,0.014539891221787062,1.4539891221787062
231,Upton,14733388826.0,33912725.0,14690839117.0,134238993.0,110260452.0,436157.0,45179993500.0,46422016.0,45179993500.0,215009891.0,0.0047589624155213745,0.47589624155213744
232,Uvalde,3260949267.0,20018979.723784,2863697377.0,20824661.0,1263623888.0,6841514.0,7741430831.0,5191316.0,7741430831.0,52876470.723784,0.00683032269849186,0.683032269849186
233,Val Verde,4627769850.0,23032385.720632,3186379507.0,29735540.0,2381422025.0,16836654.0,4659694062.0,3657860.0,4659694062.0,73262439.720632,0.015722585806242143,1.5722585806242144
234,Van Zandt,6749137926.0,49987070.759228,4767131663.0,46910091.0,1466081375.0,10614278.0,11843085760.0,12986899.0,11843085760.0,120498338.75922799,0.010174572843693398,1.0174572843693397
235,Victoria,11103901222.0,42784385.20013,8479260565.0,68769425.0,6675220042.0,31974304.0,37655113096.0,26281236.0,37655113096.0,169809350.20013,0.004509596074435064,0.45095960744350644
236,Walker,7748487895.0,35418338.0,5898565828.0,51111450.0,3368860221.0,11567479.0,11547264252.0,12529756.0,11547264252.0,110627023.0,0.009580366447476013,0.9580366447476013
237,Waller,14852538997.0,82607421.373151,13335932871.0,145776548.0,5402284331.0,26771226.0,28911038096.0,78355149.0,28911038096.0,333510344.373151,0.011535744350158564,1.1535744350158563
238,Ward,7074315216.0,48812775.0,6464459442.0,65808179.0,737059920.0,2395070.0,260347954.0,17964.0,7074315216.0,117033988.0,0.016543507664926193,1.6543507664926194
239,Washington,8063706686.0,37406091.4216,6217499290.0,48380426.0,2782613968.0,12942574.0,8165407455.0,3818571.0,8165407455.0,102547662.4216,0.012558793053101843,1.2558793053101842
240,Webb,38696833583.0,148015388.836487,32848557879.0,253021414.0,27349162909.0,138529619.0,28950504994.0,63768283.0,38696833583.0,603334704.836487,0.015591319727553612,1.5591319727553612
241,Wharton,7106564660.0,24529810.637904,4955978849.0,52446136.0,2249662131.0,9451241.0,33947087548.0,29081357.0,33947087548.0,115508544.637904,0.0034026054363155292,0.34026054363155295
242,Wheeler,1442550523.0,7461465.247898,1356101141.0,10879436.0,189716136.0,1141888.0,2889666006.0,7228636.0,2889666006.0,26711425.247898,0.00924377599087069,0.9243775990870691
243,Wichita,10875417295.0,56693876.45887,7488455922.0,80535727.0,9286060593.0,63313586.0,296158241.0,1021746.0,10875417295.0,201564935.45887,0.018533995523237527,1.8533995523237528
244,Wilbarger,1284510716.0,6727522.279582,1110725368.0,11224194.0,555263535.0,2942897.0,3152341297.0,8769318.0,3152341297.0,29663931.279582,0.009410126786656122,0.9410126786656122
245,Willacy,1192521525.0,14967338.0,1038272650.0,11490734.0,386600082.0,2830446.0,5361300117.0,7211881.0,5361300117.0,36500399.0,0.006808124559985344,0.6808124559985345
246,Williamson,141235531785.0,588814384.462588,117482642758.0,1219258181.0,101367972898.0,412904377.0,288147076377.0,338269296.0,288147076377.0,2559246238.462588,0.008881735919868135,0.8881735919868134
247,Wilson,6833786279.0,27742507.0,4932656733.0,46723510.0,1410086860.0,4719635.0,32329241265.0,18003211.0,32329241265.0,97188863.0,0.0030062215875513837,0.30062215875513837
248,Winkler,4768098341.0,21842749.703888,4398809236.0,39226310.0,382128236.0,1163412.0,4522614191.0,11010530.0,4768098341.0,73243001.703888,0.015361050982125287,1.5361050982125286
249,Wise,14979357307.0,32580102.0,12951033635.0,117410512.0,4212505401.0,23023386.0,36407382761.0,27026191.0,36407382761.0,200040191.0,0.005494495232277046,0.5494495232277046
250,Wood,5620435777.0,25994515.0,4307390046.0,39608346.0,1204930533.0,6616452.0,7294826472.0,1238868.0,7294826472.0,73458181.0,0.010069901084276266,1.0069901084276265
251,Yoakum,3446334308.0,23878460.8465,3316399364.0,35986324.0,284334686.0,1973927.0,3449772392.0,447573.0,3449772392.0,62286284.8465,0.018055186768536235,1.8055186768536235
252,Young,1842384830.0,10802823.0,1475779825.0,16638838.0,843472281.0,6031064.0,3880812799.0,9417421.0,3880812799.0,42890146.0,0.011051846152190552,1.1051846152190552
253,Zapata,1107639086.0,10263071.537729,926383841.0,9047697.0,0.0,0.0,247118953.0,921458.0,1107639086.0,20232226.537729003,0.01826608215027273,1.826608215027273
254,Zavala,2178508754.0,14097130.0,2045914200.0,19355002.0,207919197.0,1207636.0,4392756824.0,2717698.0,4392756824.0,37377466.0,0.008508885762987549,0.8508885762987549
